"Time (s)"	"Frequency (Hz)"	"Speed (m/s)"
1.268125307E0	1.002309203E3	7.833202160E-1
1.283125620E0	1.002306959E3	7.825607823E-1
1.298125932E0	1.001933596E3	6.561539229E-1
1.313126245E0	1.001931574E3	6.554691600E-1
1.328126557E0	1.001647351E3	5.591781165E-1
1.343126870E0	1.001417594E3	4.812995250E-1
1.358127182E0	1.001190160E3	4.041734267E-1
1.373127495E0	1.000960015E3	3.260919897E-1
1.388127807E0	1.000752515E3	2.556627968E-1
1.403128120E0	1.000668319E3	2.270767740E-1
1.418128432E0	1.000546121E3	1.855798606E-1
1.433128745E0	1.000510329E3	1.734234503E-1
1.448129057E0	1.000504087E3	1.713032398E-1
1.463129370E0	1.000389196E3	1.322750655E-1
1.478129682E0	1.000320210E3	1.088367169E-1
1.493129995E0	1.000293725E3	9.983705112E-2
1.508130307E0	1.000291030E3	9.892140154E-2
1.523130620E0	1.000245845E3	8.356686568E-2
1.538130932E0	1.000237526E3	8.073952743E-2
1.553131245E0	1.000197060E3	6.698708217E-2
1.568131557E0	1.000261434E3	8.886433144E-2
1.583131870E0	1.000287908E3	9.786062584E-2
1.598132182E0	1.000390183E3	1.326104455E-1
1.613132495E0	1.000490451E3	1.666716416E-1
1.628132807E0	1.000618568E3	2.101831579E-1
1.643133120E0	1.000732771E3	2.489596970E-1
1.658133432E0	1.000910860E3	3.094106551E-1
1.673133745E0	1.001053768E3	3.579038374E-1
1.688134057E0	1.001109159E3	3.766962899E-1
1.703134370E0	1.001129884E3	3.837270518E-1
1.718134682E0	1.001154047E3	3.919237982E-1
1.733134995E0	1.000977101E3	3.318900147E-1
1.748135307E0	1.000937265E3	3.183716994E-1
1.763135620E0	1.000960921E3	3.263996321E-1
1.778135932E0	1.001045860E3	3.552207331E-1
1.793136245E0	1.001555701E3	5.281169111E-1
1.808136557E0	1.001797321E3	6.099928185E-1
1.823136870E0	1.002173320E3	7.373264179E-1
1.838137182E0	1.002206568E3	7.485813789E-1
1.853137495E0	1.002061049E3	6.993151964E-1
1.868137807E0	1.001476205E3	5.011697222E-1
1.883138120E0	9.999423570E2	-1.959976161E-2
1.898138432E0	9.989287610E2	-3.646118579E-1
1.913138745E0	9.988579347E2	-3.887461833E-1
1.928139057E0	9.984527009E2	-5.268969455E-1
1.943139370E0	9.980845630E2	-6.524984037E-1
1.968774729E0	9.974340749E2	-8.746588438E-1
1.983775042E0	9.973077879E2	-9.178230853E-1
1.998775354E0	9.969405351E2	-1.043410326E0
2.013775667E0	9.970506182E2	-1.005756160E0
2.028775979E0	9.973382431E2	-9.074126498E-1
2.043776292E0	9.974414103E2	-8.721519651E-1
2.058776604E0	9.978703682E2	-7.256201163E-1
2.073776917E0	9.981168051E2	-6.414943410E-1
2.088777229E0	9.988784379E2	-3.817592787E-1
2.103777542E0	9.989443802E2	-3.592899977E-1
2.118777854E0	9.995399002E2	-1.565059260E-1
2.133778167E0	1.000094158E3	3.201061866E-2
2.148778479E0	1.000475939E3	1.617424219E-1
2.163778792E0	1.000641078E3	2.178268953E-1
2.178779104E0	1.001030310E3	3.499447096E-1
2.193779417E0	1.001236194E3	4.197869574E-1
2.208779729E0	1.001223902E3	4.156180026E-1
2.223780042E0	1.001170222E3	3.974103499E-1
2.238780354E0	1.000764022E3	2.595692018E-1
2.253780667E0	1.000784732E3	2.665997915E-1
2.268780979E0	1.000523260E3	1.778154943E-1
2.283781292E0	1.000182902E3	6.217541033E-2
2.298781604E0	1.000231232E3	7.860067667E-2
2.313781917E0	1.000311453E3	1.058610549E-1
2.328782229E0	1.000171815E3	5.840702638E-2
2.343782542E0	1.000159340E3	5.416701698E-2
2.358782854E0	1.000264547E3	8.992217283E-2
2.373783167E0	1.000195858E3	6.657852266E-2
2.388783479E0	1.000312432E3	1.061938113E-1
2.403783792E0	1.000490837E3	1.668027893E-1
2.418784104E0	1.000644436E3	2.189669812E-1
2.433784417E0	1.000912749E3	3.100517198E-1
2.448784729E0	1.001232316E3	4.184716458E-1
2.463785042E0	1.001409908E3	4.786938120E-1
2.478785354E0	1.001646077E3	5.587463269E-1
2.493785667E0	1.001825587E3	6.195685143E-1
2.508785979E0	1.002001224E3	6.790572599E-1
2.523786292E0	1.002042470E3	6.930243192E-1
2.538786604E0	1.001897846E3	6.440454919E-1
2.553786917E0	1.001875985E3	6.366404050E-1
2.568787229E0	1.001742841E3	5.915348434E-1
2.583787542E0	1.001794640E3	6.090846602E-1
2.598787854E0	1.001976924E3	6.708279667E-1
2.613788167E0	1.002104800E3	7.141288317E-1
2.628788479E0	1.002296371E3	7.789773589E-1
2.643788792E0	1.002412619E3	8.183162373E-1
2.667206344E0	1.002462303E3	8.351268345E-1
2.682206657E0	1.002058808E3	6.985566063E-1
2.697206969E0	1.001569192E3	5.326894048E-1
2.712207282E0	1.000950803E3	3.229659989E-1
2.727207594E0	1.000401870E3	1.365808399E-1
2.742207907E0	1.000981490E3	3.333793336E-1
2.757208219E0	1.001741925E3	5.912247365E-1
2.772208532E0	1.001304740E3	4.430333975E-1
2.787208844E0	1.000911307E3	3.095621135E-1
2.802209157E0	1.001227250E3	4.167535794E-1
2.817209469E0	1.001549863E3	5.261380305E-1
2.832209782E0	1.002582740E3	8.758693249E-1
2.847210094E0	1.003309160E3	1.121403571E0
2.862210407E0	1.002877678E3	9.756030635E-1
2.877210719E0	1.002387410E3	8.097862723E-1
2.892211032E0	1.002123919E3	7.206020737E-1
2.907211344E0	1.002555223E3	8.665617305E-1
2.922211657E0	1.002585849E3	8.769211701E-1
2.937211969E0	1.002365162E3	8.022577785E-1
2.952212282E0	1.002611388E3	8.855594269E-1
2.967212594E0	1.002595562E3	8.802064720E-1
2.982212907E0	1.002634623E3	8.934181316E-1
2.997213219E0	1.002294470E3	7.783340118E-1
3.012213532E0	1.001966474E3	6.672890373E-1
3.027213844E0	1.001483940E3	5.037920252E-1
3.042214157E0	1.000942929E3	3.202937922E-1
3.057214469E0	1.000663548E3	2.254567539E-1
3.072214782E0	1.000380214E3	1.292236529E-1
3.087215094E0	1.000173620E3	5.902055131E-2
3.102215407E0	9.998836333E2	-3.956929542E-2
3.117215719E0	9.998019304E2	-6.735700922E-2
3.132216032E0	9.996495769E2	-1.191856341E-1
3.147216344E0	9.994424753E2	-1.896641356E-1
3.162216657E0	9.994362517E2	-1.917825463E-1
3.177216969E0	9.993826301E2	-2.100354274E-1
3.192217282E0	9.991944876E2	-2.740950056E-1
3.207217594E0	9.991175657E2	-3.002926436E-1
3.222217907E0	9.991022882E2	-3.054962498E-1
3.237218219E0	9.990566923E2	-3.210274575E-1
3.252218532E0	9.989746455E2	-3.489783396E-1
3.267218844E0	9.989387902E2	-3.611946284E-1
3.282219157E0	9.990030913E2	-3.392871824E-1
3.297219469E0	9.990286945E2	-3.305649447E-1
3.312219782E0	9.991352051E2	-2.942847714E-1
3.327220094E0	9.991666982E2	-2.835589065E-1
3.342220407E0	9.993498201E2	-2.212049793E-1
3.366439344E0	9.996283553E2	-1.264061666E-1
3.381439657E0	9.998767772E2	-4.190092962E-2
3.396439969E0	1.000219820E3	7.472224374E-2
3.411440282E0	1.000372997E3	1.267716190E-1
3.426440594E0	1.000618870E3	2.102855623E-1
3.441440907E0	1.000655434E3	2.227014981E-1
3.456441219E0	1.000691181E3	2.348391970E-1
3.471441532E0	1.000813435E3	2.763431861E-1
3.486441844E0	1.000816092E3	2.772449122E-1
3.501442157E0	1.001001733E3	3.402484348E-1
3.516442469E0	1.001292789E3	4.389806116E-1
3.531442782E0	1.001531996E3	5.200818477E-1
3.546443094E0	1.001364930E3	4.634435216E-1
3.561443407E0	1.001203229E3	4.086062457E-1
3.576443719E0	1.000141396E3	4.806785465E-2
3.591444032E0	9.991598997E2	-2.858742692E-1
3.606444344E0	9.987049777E2	-4.408785338E-1
3.621444657E0	9.987443276E2	-4.274653644E-1
3.636444969E0	9.986900593E2	-4.459640122E-1
3.651445282E0	9.984997263E2	-5.108594814E-1
3.666445594E0	9.983628720E2	-5.575362742E-1
3.681445907E0	9.979944806E2	-6.832468652E-1
3.696446219E0	9.975725393E2	-8.273449919E-1
3.711446532E0	9.971050937E2	-9.871257688E-1
3.726446844E0	9.967685240E2	-1.102263781E0
3.741447157E0	9.966304252E2	-1.149528857E0
3.756447469E0	9.969797184E2	-1.030006661E0
3.771447782E0	9.972679697E2	-9.314350174E-1
3.786448094E0	9.976942277E2	-7.857743851E-1
3.801448407E0	9.980355622E2	-6.692234921E-1
3.816448719E0	9.982422490E2	-5.986876994E-1
3.831449032E0	9.987609155E2	-4.218113847E-1
3.846449344E0	9.990837318E2	-3.118169015E-1
3.861449657E0	9.994340501E2	-1.925319429E-1
3.876449969E0	9.997961613E2	-6.931929385E-2
3.891450282E0	1.000056772E3	1.930137465E-2
3.906450594E0	1.000426374E3	1.449054308E-1
3.921450907E0	1.000585726E3	1.990301198E-1
3.936451219E0	1.000831781E3	2.825704517E-1
3.951451532E0	1.001277361E3	4.337486440E-1
3.966451844E0	1.001400871E3	4.756296780E-1
3.981452157E0	1.001536523E3	5.216162589E-1
3.996452469E0	1.001568829E3	5.325663695E-1
4.011452782E0	1.001576987E3	5.353314710E-1
4.026453094E0	1.001578405E3	5.358119468E-1
4.041453407E0	1.001711320E3	5.808548183E-1
4.073692651E0	1.001684704E3	5.718360674E-1
4.088692964E0	1.001652924E3	5.610666504E-1
4.103693276E0	1.001773404E3	6.018900530E-1
4.118693589E0	1.001958225E3	6.644952295E-1
4.133693901E0	1.001851949E3	6.284986961E-1
4.148694214E0	1.001973949E3	6.698205801E-1
4.163694526E0	1.002069105E3	7.020431076E-1
4.178694839E0	1.002038793E3	6.917790865E-1
4.193695151E0	1.001964701E3	6.666884481E-1
4.208695464E0	1.001903834E3	6.460734664E-1
4.223695776E0	1.001789284E3	6.072698895E-1
4.238696089E0	1.001640207E3	5.567571129E-1
4.253696401E0	1.001503153E3	5.103049014E-1
4.268696714E0	1.001432590E3	4.863837577E-1
4.283697026E0	1.001392000E3	4.726221873E-1
4.298697339E0	1.001393716E3	4.732037655E-1
4.313697651E0	1.001527333E3	5.185013390E-1
4.328697964E0	1.001547844E3	5.254536265E-1
4.343698276E0	1.001586242E3	5.384680621E-1
4.358698589E0	1.001658858E3	5.630776924E-1
4.373698901E0	1.001542878E3	5.237703330E-1
4.388699214E0	1.001112904E3	3.779666539E-1
4.403699526E0	1.000734577E3	2.495727473E-1
4.418699839E0	1.000483496E3	1.643092021E-1
4.433700151E0	1.000136305E3	4.633723681E-2
4.448700464E0	1.000606328E3	2.060265837E-1
4.463700776E0	1.000852912E3	2.897429637E-1
4.478701089E0	1.001114261E3	3.784270085E-1
4.493701401E0	1.001143555E3	3.883647002E-1
4.508701714E0	1.001039677E3	3.531231179E-1
4.523702026E0	1.001055836E3	3.586055969E-1
4.538702339E0	1.001504382E3	5.107214664E-1
4.553702651E0	1.001965510E3	6.669624776E-1
4.568702964E0	1.002134634E3	7.242297368E-1
4.583703276E0	1.001540648E3	5.230145114E-1
4.598703589E0	1.001395323E3	4.737488075E-1
4.613703901E0	1.001539699E3	5.226929264E-1
4.628704214E0	1.002078995E3	7.053919606E-1
4.643704526E0	1.002416645E3	8.196783518E-1
4.658704839E0	1.002604336E3	8.831740217E-1
4.673705151E0	1.002286350E3	7.755858994E-1
4.688705464E0	1.002133603E3	7.238805627E-1
4.703705776E0	1.002150490E3	7.295975477E-1
4.718706089E0	1.001746571E3	5.927987808E-1
4.733706401E0	1.001178720E3	4.002928320E-1
4.748706714E0	1.000854304E3	2.902152973E-1
4.769842073E0	1.000145502E3	4.946364926E-2
4.784842386E0	9.998832815E2	-3.968892398E-2
4.799842698E0	9.996233060E2	-1.281242296E-1
4.814843011E0	9.995319274E2	-1.592192256E-1
4.829843323E0	9.993545787E2	-2.195849550E-1
4.844843636E0	9.992170675E2	-2.664056217E-1
4.859843948E0	9.990640277E2	-3.185287016E-1
4.874844261E0	9.989984083E2	-3.408826066E-1
4.889844573E0	9.989599848E2	-3.539733066E-1
4.904844886E0	9.988103352E2	-4.049678049E-1
4.919845198E0	9.987421801E2	-4.281973503E-1
4.934845511E0	9.987115292E2	-4.386452468E-1
4.949845823E0	9.986640144E2	-4.548427751E-1
4.964846136E0	9.985749695E2	-4.852018117E-1
4.979846448E0	9.985961835E2	-4.779685987E-1
4.994846761E0	9.986023242E2	-4.758748855E-1
5.009847073E0	9.985994420E2	-4.768575844E-1
5.024847386E0	9.986122971E2	-4.724746574E-1
5.039847698E0	9.986607977E2	-4.559393865E-1
5.054848011E0	9.987136224E2	-4.379317204E-1
5.069848323E0	9.988855837E2	-3.793242838E-1
5.084848636E0	9.990156287E2	-3.350160142E-1
5.099848948E0	9.991791226E2	-2.793275934E-1
5.114849261E0	9.994909570E2	-1.731627636E-1
5.129849573E0	9.997224473E2	-9.439410678E-2
5.144849886E0	9.999545373E2	-1.545801060E-2
5.159850198E0	1.000161087E3	5.476082063E-2
5.174850511E0	1.000156627E3	5.324477290E-2
5.189850823E0	1.000030180E3	1.026088308E-2
5.204851136E0	1.000002726E3	9.267702237E-4
5.219851448E0	9.997440069E2	-8.705992463E-2
5.234851761E0	9.997971298E2	-6.898986192E-2
5.249852073E0	9.997465832E2	-8.618353858E-2
5.264852386E0	9.999324153E2	-2.298033814E-2
5.279852698E0	9.999600252E2	-1.359196064E-2
5.294853011E0	9.995484910E2	-1.535824121E-1
5.309853323E0	9.993249352E2	-2.296770907E-1
5.324853636E0	9.988651932E2	-3.862726520E-1
5.339853948E0	9.988182409E2	-4.022734844E-1
5.354854261E0	9.987759557E2	-4.166850925E-1
5.369854573E0	9.985254678E2	-5.020812895E-1
5.384854886E0	9.984840033E2	-5.162214623E-1
5.399855198E0	9.983309524E2	-5.684249226E-1
5.414855511E0	9.981425423E2	-6.327108658E-1
5.429855823E0	9.975537382E2	-8.337686167E-1
5.444856136E0	9.970481602E2	-1.006596840E0
5.466523265E0	9.968350801E2	-1.079489270E0
5.481523578E0	9.969686057E2	-1.033807949E0
5.496523890E0	9.976026859E2	-8.170455038E-1
5.511524203E0	9.977143862E2	-7.788889276E-1
5.526524515E0	9.979656185E2	-6.930997334E-1
5.541524828E0	9.982415324E2	-5.989321974E-1
5.556525140E0	9.984431373E2	-5.301586936E-1
5.571525453E0	9.986678458E2	-4.535366163E-1
5.586525765E0	9.989488110E2	-3.577803379E-1
5.601526078E0	9.992306225E2	-2.617897540E-1
5.616526390E0	9.997476629E2	-8.581627131E-2
5.631526703E0	9.994665561E2	-1.814677410E-1
5.646527015E0	9.997033810E2	-1.008803731E-1
5.661527328E0	1.000075641E3	2.571593858E-2
5.676527640E0	1.000560805E3	1.905668376E-1
5.691527953E0	1.000647900E3	2.201435196E-1
5.706528265E0	1.001108176E3	3.763626414E-1
5.721528578E0	1.001337829E3	4.542540098E-1
5.736528890E0	1.001373611E3	4.663872212E-1
5.751529203E0	1.001583356E3	5.374899432E-1
5.766529515E0	1.001594577E3	5.412930205E-1
5.781529828E0	1.001677994E3	5.695620867E-1
5.796530140E0	1.001764528E3	5.988827439E-1
5.811530453E0	1.001831017E3	6.214080906E-1
5.826530765E0	1.001736614E3	5.894251175E-1
5.841531078E0	1.001742934E3	5.915666102E-1
5.856531390E0	1.001731786E3	5.877893278E-1
5.871531703E0	1.001615761E3	5.484726510E-1
5.886532015E0	1.001454060E3	4.936624658E-1
5.901532328E0	1.001467310E3	4.981545839E-1
5.916532640E0	1.001332646E3	4.524965560E-1
5.931532953E0	1.001184982E3	4.024171578E-1
5.946533265E0	1.001210184E3	4.109653643E-1
5.961533578E0	1.001018170E3	3.458257690E-1
5.976533890E0	1.001020225E3	3.465229978E-1
5.991534203E0	1.000986949E3	3.352319682E-1
6.006534515E0	1.001037280E3	3.523096472E-1
6.021534828E0	1.001015276E3	3.448438784E-1
6.036535140E0	1.001011866E3	3.436866053E-1
6.051535453E0	1.000882671E3	2.998434646E-1
6.066535765E0	1.000538442E3	1.829717329E-1
6.081536078E0	1.000352106E3	1.196738990E-1
6.096536390E0	1.000000122E3	4.159400729E-5
6.111536703E0	9.997059896E2	-9.999292224E-2
6.126537015E0	9.996121156E2	-1.319318631E-1
6.141537328E0	9.999665370E2	-1.137779353E-2
6.169302380E0	1.000578079E3	1.964331958E-1
6.184302693E0	1.000587462E3	1.996198048E-1
6.199303005E0	1.000722838E3	2.455874400E-1
6.214303318E0	1.000767375E3	2.607074442E-1
6.229303630E0	1.000844576E3	2.869135894E-1
6.244303943E0	1.001131337E3	3.842198928E-1
6.259304255E0	1.001593769E3	5.410190663E-1
6.274304568E0	1.001811367E3	6.147512040E-1
6.289304880E0	1.001241830E3	4.216986750E-1
6.304305193E0	1.000686708E3	2.333204457E-1
6.319305505E0	1.000656325E3	2.230040363E-1
6.334305818E0	1.001100386E3	3.737198713E-1
6.349306130E0	1.001607731E3	5.457510940E-1
6.364306443E0	1.002414979E3	8.191148713E-1
6.379306755E0	1.001930685E3	6.551679486E-1
6.394307068E0	1.001589049E3	5.394194420E-1
6.409307380E0	1.001324510E3	4.497378089E-1
6.424307693E0	1.001010831E3	3.433353184E-1
6.439308005E0	1.000571706E3	1.942688405E-1
6.454308318E0	1.000243104E3	8.263528425E-2
6.469308630E0	1.000041567E3	1.413211599E-2
6.484308943E0	9.996424149E2	-1.216224243E-1
6.499309255E0	9.995040543E2	-1.687051969E-1
6.514309568E0	9.993057225E2	-2.362183366E-1
6.529309880E0	9.991950596E2	-2.739002050E-1
6.544310193E0	9.990810403E2	-3.127336854E-1
6.559310505E0	9.989363198E2	-3.620363448E-1
6.574310818E0	9.988021903E2	-4.077436900E-1
6.589311130E0	9.988390851E2	-3.951698255E-1
6.604311443E0	9.985925311E2	-4.792139193E-1
6.619311755E0	9.985569584E2	-4.913431657E-1
6.634312068E0	9.985809831E2	-4.831513620E-1
6.649312380E0	9.984576323E2	-5.252151048E-1
6.664312693E0	9.984273162E2	-5.355547650E-1
6.679313005E0	9.984520567E2	-5.271166652E-1
6.694313318E0	9.983797422E2	-5.517816642E-1
6.709313630E0	9.983552762E2	-5.601273539E-1
6.724313943E0	9.983929579E2	-5.472737942E-1
6.739314255E0	9.983051452E2	-5.772289550E-1
6.754314568E0	9.983569420E2	-5.595591170E-1
6.769314880E0	9.984036257E2	-5.436350989E-1
6.784315193E0	9.984613524E2	-5.239463623E-1
6.799315505E0	9.986076236E2	-4.740680678E-1
6.814315818E0	9.988145249E2	-4.035399336E-1
6.829316130E0	9.990024979E2	-3.394893584E-1
6.844316443E0	9.992292940E2	-2.622421522E-1
6.869247072E0	9.994650013E2	-1.819969099E-1
6.884247385E0	9.996848403E2	-1.071880757E-1
6.899247697E0	9.995785063E2	-1.433682830E-1
6.914248010E0	9.994068619E2	-2.017866373E-1
6.929248322E0	9.992560136E2	-2.531437050E-1
6.944248635E0	9.991809599E2	-2.787019094E-1
6.959248947E0	9.993281633E2	-2.285780541E-1
6.974249260E0	9.994304498E2	-1.937574181E-1
6.989249572E0	9.995988190E2	-1.364562939E-1
7.004249885E0	9.997974833E2	-6.886963084E-2
7.019250197E0	9.994961278E2	-1.714029250E-1
7.034250510E0	9.994492280E2	-1.873656697E-1
7.049250822E0	9.990318158E2	-3.295016628E-1
7.064251135E0	9.990125807E2	-3.360543907E-1
7.079251447E0	9.988458350E2	-3.928695206E-1
7.094251760E0	9.986565091E2	-4.574014231E-1
7.109252072E0	9.988349328E2	-3.965849109E-1
7.124252385E0	9.986791102E2	-4.496965154E-1
7.139252697E0	9.984204284E2	-5.379039857E-1
7.154253010E0	9.978723766E2	-7.249343355E-1
7.169253322E0	9.973321173E2	-9.095065895E-1
7.184253635E0	9.969033811E2	-1.056120816E0
7.199253947E0	9.968254702E2	-1.082777439E0
7.214254260E0	9.969907772E2	-1.026223880E0
7.229254572E0	9.973241277E2	-9.122376149E-1
7.244254885E0	9.973848361E2	-8.914871272E-1
7.259255197E0	9.979089545E2	-7.124452413E-1
7.274255510E0	9.979389444E2	-7.022062049E-1
7.289255822E0	9.983034790E2	-5.777973893E-1
7.304256135E0	9.984914797E2	-5.136718028E-1
7.319256447E0	9.987340398E2	-4.309720751E-1
7.334256760E0	9.988822350E2	-3.804653553E-1
7.349257072E0	9.990324128E2	-3.292982841E-1
7.364257385E0	9.992691448E2	-2.486725060E-1
7.379257697E0	9.994437104E2	-1.892437355E-1
7.394258010E0	9.995316229E2	-1.593228229E-1
7.409258322E0	9.998104950E2	-6.444391302E-2
7.424258635E0	9.997783789E2	-7.536789094E-2
7.439258947E0	1.000168947E3	5.743227882E-2
7.454259260E0	1.000295972E3	1.006006523E-1
7.469259572E0	1.000443942E3	1.508734456E-1
7.484259885E0	1.000643874E3	2.187761769E-1
7.499260197E0	1.000665786E3	2.262165314E-1
7.514260510E0	1.000768702E3	2.611578543E-1
7.529260822E0	1.000896510E3	3.045404310E-1
7.544261135E0	1.000797459E3	2.709201220E-1
7.569343494E0	1.000790414E3	2.685284113E-1
7.584343807E0	1.000797239E3	2.708454574E-1
7.599344119E0	1.000833034E3	2.829958096E-1
7.614344432E0	1.000691151E3	2.348289113E-1
7.629344744E0	1.000583019E3	1.981111267E-1
7.644345057E0	1.000634044E3	2.154384196E-1
7.659345369E0	1.000585811E3	1.990592586E-1
7.674345682E0	1.000555242E3	1.886773852E-1
7.689345994E0	1.000460059E3	1.563482408E-1
7.704346307E0	1.000478394E3	1.625761357E-1
7.719346619E0	1.000438710E3	1.490961284E-1
7.734346932E0	1.000301427E3	1.024541435E-1
7.749347244E0	1.000096283E3	3.273315907E-2
7.764347557E0	9.999310101E2	-2.345819459E-2
7.779347869E0	9.994809770E2	-1.765594656E-1
7.794348182E0	9.993378867E2	-2.252676903E-1
7.809348494E0	9.994399748E2	-1.905152540E-1
7.824348807E0	9.996617641E2	-1.150391209E-1
7.839349119E0	9.999084523E2	-3.112906452E-2
7.854349432E0	1.000114523E3	3.893334750E-2
7.869349744E0	1.000384234E3	1.305894869E-1
7.884350057E0	1.000363031E3	1.233857195E-1
7.899350369E0	1.000558004E3	1.896156190E-1
7.914350682E0	1.000600562E3	2.040686289E-1
7.929350994E0	1.000690647E3	2.346579531E-1
7.944351307E0	1.000881980E3	2.996090503E-1
7.959351619E0	1.000707851E3	2.404990956E-1
7.974351932E0	1.000934014E3	3.172684013E-1
7.989352244E0	1.000927421E3	3.150310981E-1
8.004352557E0	9.999953600E2	-1.577598400E-3
8.019352869E0	9.983594057E2	-5.587186975E-1
8.034353182E0	9.990073528E2	-3.378354031E-1
8.049353494E0	9.999857033E2	-4.860949203E-3
8.064353807E0	1.001094436E3	3.717015232E-1
8.079354119E0	1.001250286E3	4.245663004E-1
8.094354432E0	1.001295849E3	4.400182992E-1
8.109354744E0	1.000820833E3	2.788543203E-1
8.124355057E0	1.000544442E3	1.850094824E-1
8.139355369E0	1.000083720E3	2.846234283E-2
8.154355682E0	9.997774342E2	-7.568920097E-2
8.169355994E0	9.995004655E2	-1.699266263E-1
8.184356307E0	9.993736981E2	-2.130760973E-1
8.199356619E0	9.991740819E2	-2.810442838E-1
8.214356932E0	9.989061683E2	-3.723100339E-1
8.229357244E0	9.989234107E2	-3.664348604E-1
8.244357557E0	9.986904611E2	-4.458270614E-1
8.264161379E0	9.986299582E2	-4.664532568E-1
8.279161692E0	9.985196663E2	-5.040596477E-1
8.294162004E0	9.984746099E2	-5.194249656E-1
8.309162317E0	9.984804753E2	-5.174246299E-1
8.324162629E0	9.983096075E2	-5.757066216E-1
8.339162942E0	9.983267785E2	-5.698488003E-1
8.354163254E0	9.983289870E2	-5.690953690E-1
8.369163567E0	9.982086538E2	-6.101507054E-1
8.384163879E0	9.982299163E2	-6.028956170E-1
8.399164192E0	9.981678257E2	-6.240826828E-1
8.414164504E0	9.981037909E2	-6.459359112E-1
8.429164817E0	9.981340447E2	-6.356108235E-1
8.444165129E0	9.980622522E2	-6.601133706E-1
8.459165442E0	9.980360510E2	-6.690566634E-1
8.474165754E0	9.980887704E2	-6.510623964E-1
8.489166067E0	9.980689690E2	-6.578208173E-1
8.504166379E0	9.981194133E2	-6.406041924E-1
8.519166692E0	9.982081655E2	-6.103173183E-1
8.534167004E0	9.983113045E2	-5.751276790E-1
8.549167317E0	9.984683318E2	-5.215660471E-1
8.564167629E0	9.986983448E2	-4.431395697E-1
8.579167942E0	9.987893016E2	-4.121364198E-1
8.594168254E0	9.989151253E2	-3.692579969E-1
8.609168567E0	9.989515286E2	-3.568544333E-1
8.624168879E0	9.988121447E2	-4.043511037E-1
8.639169192E0	9.988183394E2	-4.022398988E-1
8.654169504E0	9.988998018E2	-3.744793769E-1
8.669169817E0	9.993071867E2	-2.357198385E-1
8.684170129E0	9.996173486E2	-1.301512899E-1
8.699170442E0	1.000121165E3	4.119094190E-2
8.714170754E0	1.000200912E3	6.829644495E-2
8.729171067E0	9.998146052E2	-6.304591634E-2
8.744171379E0	9.995587170E2	-1.501024439E-1
8.759171692E0	9.995304179E2	-1.597329287E-1
8.774172004E0	9.992269433E2	-2.630426275E-1
8.789172317E0	9.990282876E2	-3.307035680E-1
8.804172629E0	9.987661423E2	-4.200298711E-1
8.819172942E0	9.986214443E2	-4.693559596E-1
8.834173254E0	9.986524461E2	-4.587865503E-1
8.849173567E0	9.986127362E2	-4.723249464E-1
8.864173879E0	9.984951390E2	-5.124238732E-1
8.879174192E0	9.980261081E2	-6.724505905E-1
8.894174504E0	9.974856231E2	-8.570430729E-1
8.909174817E0	9.972242887E2	-9.463686752E-1
8.924175129E0	9.970104023E2	-1.019511159E0
8.939175442E0	9.970669217E2	-1.000180229E0
8.966256955E0	9.973179998E2	-9.143323035E-1
8.981257268E0	9.977133664E2	-7.792372692E-1
8.996257580E0	9.979225255E2	-7.078117929E-1
9.011257893E0	9.981834272E2	-6.187587841E-1
9.026258205E0	9.984491363E2	-5.281126843E-1
9.041258518E0	9.985776426E2	-4.842903669E-1
9.056258830E0	9.987894508E2	-4.120855847E-1
9.071259143E0	9.986449926E2	-4.613276309E-1
9.086259455E0	9.990528520E2	-3.223356126E-1
9.101259768E0	9.989175709E2	-3.684246954E-1
9.116260080E0	9.992172094E2	-2.663572953E-1
9.131260393E0	9.991444040E2	-2.911517636E-1
9.146260705E0	9.992658511E2	-2.497940229E-1
9.161261018E0	9.994849346E2	-1.752124917E-1
9.176261330E0	9.994590559E2	-1.840205417E-1
9.191261643E0	9.996264737E2	-1.270463897E-1
9.206261955E0	9.997340054E2	-9.046223180E-2
9.221262268E0	9.998343120E2	-5.634325305E-2
9.236262580E0	9.999381793E2	-2.102033253E-2
9.251262893E0	9.999164667E2	-2.840370680E-2
9.266263205E0	1.000022757E3	7.737130466E-3
9.281263518E0	1.000048830E3	1.660130508E-2
9.296263830E0	1.000075303E3	2.560095556E-2
9.311264143E0	1.000077550E3	2.636499755E-2
9.326264455E0	1.000126264E3	4.292442336E-2
9.341264768E0	1.000132413E3	4.501434866E-2
9.356265080E0	1.000124346E3	4.227240435E-2
9.371265393E0	1.000110438E3	3.754464671E-2
9.386265705E0	1.000149125E3	5.069510975E-2
9.401266018E0	1.000020326E3	6.910531628E-3
9.416266330E0	9.998762702E2	-4.207333526E-2
9.431266643E0	9.996507009E2	-1.188032019E-1
9.446266955E0	9.995066573E2	-1.678193195E-1
9.461267268E0	9.992895109E2	-2.417380347E-1
9.476267580E0	9.991026678E2	-3.053669482E-1
9.491267893E0	9.990251239E2	-3.317813054E-1
9.506268205E0	9.991853518E2	-2.772062139E-1
9.521268518E0	9.994516334E2	-1.865469452E-1
9.536268830E0	9.996669717E2	-1.132673270E-1
9.551269143E0	9.997239729E2	-9.387511057E-2
9.566269455E0	9.999375012E2	-2.125091602E-2
9.581269768E0	1.000066459E3	2.259469188E-2
9.596270080E0	1.000036138E3	1.228644758E-2
9.611270393E0	1.000525931E3	1.787224988E-1
9.626270705E0	1.000614137E3	2.086783186E-1
9.641271018E0	1.000862830E3	2.931093589E-1
9.667092724E0	1.001532438E3	5.202318477E-1
9.682093037E0	1.001805776E3	6.128573040E-1
9.697093349E0	1.001963518E3	6.662879144E-1
9.712093662E0	1.001609262E3	5.462701442E-1
9.727093974E0	1.000457835E3	1.555925759E-1
9.742094287E0	9.990842214E2	-3.116501311E-1
9.757094599E0	9.976874962E2	-7.880737202E-1
9.772094912E0	9.969933617E2	-1.025339846E0
9.787095224E0	9.973527278E2	-9.024615947E-1
9.802095537E0	9.981814704E2	-6.194265012E-1
9.817095849E0	9.988756864E2	-3.826968996E-1
9.832096162E0	9.988461237E2	-3.927711503E-1
9.847096474E0	9.988541907E2	-3.900220407E-1
9.862096787E0	9.988693591E2	-3.848530259E-1
9.877097099E0	9.987539106E2	-4.241989774E-1
9.892097412E0	9.987325200E2	-4.314900999E-1
9.907097724E0	9.986910033E2	-4.456422121E-1
9.922098037E0	9.985240804E2	-5.025543914E-1
9.937098349E0	9.985304287E2	-5.003896004E-1
9.952098662E0	9.985429813E2	-4.961091910E-1
9.967098974E0	9.983351173E2	-5.670041161E-1
9.982099287E0	9.984246162E2	-5.364756325E-1
9.997099599E0	9.983918356E2	-5.476566251E-1
1.001209991E1	9.983269550E2	-5.697885875E-1
1.002710022E1	9.983245056E2	-5.706241887E-1
1.004210054E1	9.982814529E2	-5.853118943E-1
1.005710085E1	9.982349865E2	-6.011656477E-1
1.007210116E1	9.982643106E2	-5.911604706E-1
1.008710147E1	9.981580592E2	-6.274155183E-1
1.010210179E1	9.981489374E2	-6.305284181E-1
1.011710210E1	9.981217183E2	-6.398175404E-1
1.013210241E1	9.981387036E2	-6.340208842E-1
1.014710272E1	9.979918127E2	-6.841575857E-1
1.016210304E1	9.980787684E2	-6.544761355E-1
1.017710335E1	9.980068383E2	-6.790283803E-1
1.019210366E1	9.979998185E2	-6.814246910E-1
1.020710397E1	9.980103781E2	-6.778200548E-1
1.022210429E1	9.979830843E2	-6.871372342E-1
1.023710460E1	9.980007121E2	-6.811196237E-1
1.025210491E1	9.980536258E2	-6.630577696E-1
1.026710522E1	9.981443675E2	-6.320879582E-1
1.028210554E1	9.981189580E2	-6.407595801E-1
1.029710585E1	9.983292394E2	-5.690092869E-1
1.031210616E1	9.983778965E2	-5.524112746E-1
1.032710647E1	9.984582887E2	-5.249912138E-1
1.034210679E1	9.986317532E2	-4.658412823E-1
1.036867315E1	9.992051204E2	-2.704740550E-1
1.038367346E1	9.998557930E2	-4.903744751E-2
1.039867377E1	1.000427629E3	1.453315883E-1
1.041367408E1	1.000882403E3	2.997524589E-1
1.042867440E1	1.001251190E3	4.248728780E-1
1.044367471E1	1.001191312E3	4.045639541E-1
1.045867502E1	1.000888882E3	3.019516501E-1
1.047367533E1	1.000489910E3	1.664877587E-1
1.048867565E1	1.000120085E3	4.082401102E-2
1.050367596E1	9.998905454E2	-3.721862994E-2
1.051867627E1	9.994810066E2	-1.765493713E-1
1.053367658E1	9.991416705E2	-2.920827369E-1
1.054867690E1	9.989451510E2	-3.590273634E-1
1.056367721E1	9.987174453E2	-4.366285824E-1
1.057867752E1	9.985434724E2	-4.959417389E-1
1.059367783E1	9.984859871E2	-5.155449389E-1
1.060867815E1	9.981029539E2	-6.462216001E-1
1.062367846E1	9.979133271E2	-7.109523128E-1
1.063867877E1	9.974776277E2	-8.597752406E-1
1.065367908E1	9.973195816E2	-9.137916021E-1
1.066867940E1	9.972230672E2	-9.467862983E-1
1.068367971E1	9.972397063E2	-9.410975608E-1
1.069868002E1	9.973991878E2	-8.865819973E-1
1.071368033E1	9.975704483E2	-8.280594070E-1
1.072868065E1	9.978042152E2	-7.482097240E-1
1.074368096E1	9.981159417E2	-6.417890045E-1
1.075868127E1	9.983263904E2	-5.699812059E-1
1.077368158E1	9.984272180E2	-5.355882492E-1
1.078868190E1	9.985809447E2	-4.831644283E-1
1.080368221E1	9.987224086E2	-4.349367319E-1
1.081868252E1	9.986831521E2	-4.483186369E-1
1.083368283E1	9.987931864E2	-4.108124050E-1
1.084868315E1	9.988455714E2	-3.929593661E-1
1.086368346E1	9.988223674E2	-4.008671619E-1
1.087868377E1	9.989087140E2	-3.714425762E-1
1.089368408E1	9.990966190E2	-3.074272627E-1
1.090868440E1	9.990858666E2	-3.110897303E-1
1.092368471E1	9.992057374E2	-2.702639448E-1
1.093868502E1	9.991793410E2	-2.792532337E-1
1.095368533E1	9.992617473E2	-2.511913498E-1
1.096868565E1	9.992945479E2	-2.400230472E-1
1.098368596E1	9.993876351E2	-2.083316408E-1
1.099868627E1	9.993430851E2	-2.234979016E-1
1.101368658E1	9.993255741E2	-2.294595441E-1
1.102868690E1	9.994532551E2	-1.859949667E-1
1.104368721E1	9.993832526E2	-2.098235168E-1
1.106981084E1	9.992682974E2	-2.489610655E-1
1.108481115E1	9.992886022E2	-2.420474298E-1
1.109981146E1	9.992013270E2	-2.717658625E-1
1.111481178E1	9.990848262E2	-3.114441265E-1
1.112981209E1	9.989852499E2	-3.453655024E-1
1.114481240E1	9.988789926E2	-3.815702599E-1
1.115981271E1	9.989745463E2	-3.490121418E-1
1.117481303E1	9.990716216E2	-3.159419541E-1
1.118981334E1	9.993148711E2	-2.331035322E-1
1.120481365E1	9.995400720E2	-1.564474849E-1
1.121981396E1	9.998726440E2	-4.330656332E-2
1.123481428E1	1.000101101E3	3.437076143E-2
1.124981459E1	1.000314005E3	1.067283149E-1
1.126481490E1	1.000338844E3	1.151679892E-1
1.127981521E1	1.000517097E3	1.757219650E-1
1.129481553E1	1.000644535E3	2.190009076E-1
1.130981584E1	1.000955208E3	3.244608508E-1
1.132481615E1	1.001143935E3	3.884934064E-1
1.133981646E1	1.001705045E3	5.787285509E-1
1.135481678E1	1.001582277E3	5.371243324E-1
1.136981709E1	1.001943119E3	6.593793394E-1
1.138481740E1	1.002190762E3	7.432306765E-1
1.139981771E1	1.002110592E3	7.160900401E-1
1.141481803E1	1.001790109E3	6.075495984E-1
1.142981834E1	1.000885124E3	3.006761613E-1
1.144481865E1	9.994173162E2	-1.982279876E-1
1.145981896E1	9.980431787E2	-6.666237021E-1
1.147481928E1	9.975748935E2	-8.265406465E-1
1.148981959E1	9.972294775E2	-9.445946616E-1
1.150481990E1	9.977089063E2	-7.807606704E-1
1.151982021E1	9.978203633E2	-7.426952879E-1
1.153482053E1	9.981452916E2	-6.317725978E-1
1.154982084E1	9.983025805E2	-5.781039209E-1
1.156482115E1	9.984077642E2	-5.422235310E-1
1.157982146E1	9.984794882E2	-5.177612817E-1
1.159482178E1	9.985973272E2	-4.775786536E-1
1.160982209E1	9.985426312E2	-4.962285866E-1
1.162482240E1	9.985228677E2	-5.029679430E-1
1.163982271E1	9.985273869E2	-5.014268714E-1
1.165482303E1	9.984380509E2	-5.318934716E-1
1.166982334E1	9.984294012E2	-5.348436267E-1
1.168482365E1	9.984665027E2	-5.221898481E-1
1.169982396E1	9.983691286E2	-5.554020615E-1
1.171482428E1	9.984809036E2	-5.172785622E-1
1.172982459E1	9.984651607E2	-5.226475494E-1
1.174482490E1	9.983044927E2	-5.774515440E-1
1.176865507E1	9.983561679E2	-5.598231573E-1
1.178365538E1	9.984330619E2	-5.335950486E-1
1.179865569E1	9.983885149E2	-5.487892902E-1
1.181365601E1	9.983031733E2	-5.779016764E-1
1.182865632E1	9.983121523E2	-5.748384602E-1
1.184365663E1	9.983399044E2	-5.653710634E-1
1.185865694E1	9.982518058E2	-5.954269356E-1
1.187365726E1	9.982755089E2	-5.873398422E-1
1.188865757E1	9.982140637E2	-6.083047189E-1
1.190365788E1	9.981772980E2	-6.208503078E-1
1.191865819E1	9.982653476E2	-5.908066595E-1
1.193365851E1	9.982759318E2	-5.871955531E-1
1.194865882E1	9.982838783E2	-5.844844281E-1
1.196365913E1	9.982928288E2	-5.814307970E-1
1.197865944E1	9.983842676E2	-5.502380693E-1
1.199365976E1	9.983941119E2	-5.468801946E-1
1.200866007E1	9.985125663E2	-5.064808065E-1
1.202366038E1	9.985464050E2	-4.949417432E-1
1.203866069E1	9.986474378E2	-4.604940007E-1
1.205366101E1	9.988789034E2	-3.816006390E-1
1.206866132E1	9.993134062E2	-2.336022744E-1
1.208366163E1	9.996449686E2	-1.207535487E-1
1.209866194E1	1.000279356E3	9.495444963E-2
1.211366226E1	1.001072960E3	3.644154122E-1
1.212866257E1	1.001679367E3	5.700273997E-1
1.214366288E1	1.002120003E3	7.192762693E-1
1.215866319E1	1.002087963E3	7.084283490E-1
1.217366351E1	1.001923182E3	6.526266340E-1
1.218866382E1	1.001676261E3	5.689750020E-1
1.220366413E1	1.001437635E3	4.880942261E-1
1.221866444E1	1.001135686E3	3.856953644E-1
1.223366476E1	1.000804959E3	2.734659943E-1
1.224866507E1	1.000360627E3	1.225689716E-1
1.226366538E1	1.000225637E3	7.669925287E-2
1.227866569E1	1.000032278E3	1.097426273E-2
1.229366601E1	9.998740658E2	-4.282301037E-2
1.230866632E1	9.997476164E2	-8.583207044E-2
1.232366663E1	9.998136005E2	-6.338765782E-2
1.233866694E1	9.997141186E2	-9.722747484E-2
1.235366726E1	9.995002978E2	-1.699836983E-1
1.236866757E1	9.992954076E2	-2.397303282E-1
1.238366788E1	9.990254781E2	-3.316606625E-1
1.239866819E1	9.985075524E2	-5.081906211E-1
1.241366851E1	9.981599995E2	-6.267534009E-1
1.242866882E1	9.979038421E2	-7.141907419E-1
1.244366913E1	9.976390468E2	-8.046237644E-1
1.246376445E1	9.977054863E2	-7.819288180E-1
1.247876476E1	9.977882243E2	-7.536706880E-1
1.249376508E1	9.978389602E2	-7.363447901E-1
1.250876539E1	9.979889861E2	-6.851225085E-1
1.252376570E1	9.980128843E2	-6.769645447E-1
1.253876601E1	9.980361260E2	-6.690310361E-1
1.255376633E1	9.981654692E2	-6.248868615E-1
1.256876664E1	9.982050749E2	-6.113718957E-1
1.258376695E1	9.980542465E2	-6.628459404E-1
1.259876726E1	9.982065861E2	-6.108562288E-1
1.261376758E1	9.982467655E2	-5.971466729E-1
1.262876789E1	9.983133721E2	-5.744223349E-1
1.264376820E1	9.983873359E2	-5.491914492E-1
1.265876851E1	9.984323037E2	-5.338536610E-1
1.267376883E1	9.984686508E2	-5.214572507E-1
1.268876914E1	9.985566340E2	-4.914538004E-1
1.270376945E1	9.985662356E2	-4.881798439E-1
1.271876976E1	9.986264659E2	-4.676439153E-1
1.273377008E1	9.986216985E2	-4.692692922E-1
1.274877039E1	9.986874737E2	-4.468454249E-1
1.276377070E1	9.986488228E2	-4.600218331E-1
1.277877101E1	9.987261898E2	-4.336478421E-1
1.279377133E1	9.987013058E2	-4.421302231E-1
1.280877164E1	9.986727861E2	-4.518524399E-1
1.282377195E1	9.987735183E2	-4.175158625E-1
1.283877226E1	9.988219205E2	-4.010194796E-1
1.285377258E1	9.989834934E2	-3.459639193E-1
1.286877289E1	9.992294749E2	-2.621805640E-1
1.288377320E1	9.994216890E2	-1.967395156E-1
1.289877351E1	9.997742893E2	-7.675896674E-2
1.291377383E1	9.999071768E2	-3.156280562E-2
1.292877414E1	1.000218150E3	7.415486728E-2
1.294377445E1	1.000408221E3	1.387385166E-1
1.295877476E1	1.000565326E3	1.921021941E-1
1.297377508E1	1.000934063E3	3.172849557E-1
1.298877539E1	1.001102467E3	3.744260629E-1
1.300377570E1	1.001444499E3	4.904211044E-1
1.301877601E1	1.001862030E3	6.319136229E-1
1.303377633E1	1.001962206E3	6.658434232E-1
1.304877664E1	1.002220826E3	7.534076125E-1
1.306377695E1	1.002229840E3	7.564589709E-1
1.307877726E1	1.002393324E3	8.117871986E-1
1.309377758E1	1.002335154E3	7.921027543E-1
1.310877789E1	1.002266990E3	7.690331880E-1
1.312377820E1	1.001804728E3	6.125021657E-1
1.313877851E1	1.001357585E3	4.609531224E-1
1.316643199E1	9.995966423E2	-1.371969526E-1
1.318143230E1	9.990053370E2	-3.385221275E-1
1.319643262E1	9.986554420E2	-4.577652079E-1
1.321143293E1	9.984123364E2	-5.406640087E-1
1.322643324E1	9.985595088E2	-4.904735305E-1
1.324143355E1	9.986445988E2	-4.614618773E-1
1.325643387E1	9.990018988E2	-3.396934473E-1
1.327143418E1	9.991376927E2	-2.934375149E-1
1.328643449E1	9.991864728E2	-2.768244429E-1
1.330143480E1	9.992425714E2	-2.577209445E-1
1.331643512E1	9.992063645E2	-2.700503995E-1
1.333143543E1	9.992020340E2	-2.715250910E-1
1.334643574E1	9.992326820E2	-2.610884608E-1
1.336143605E1	9.991351709E2	-2.942964028E-1
1.337643637E1	9.991944614E2	-2.741039139E-1
1.339143668E1	9.992976707E2	-2.389597776E-1
1.340643699E1	9.991435242E2	-2.914513953E-1
1.342143730E1	9.991322180E2	-2.953021493E-1
1.343643762E1	9.991628909E2	-2.848555638E-1
1.345143793E1	9.991063891E2	-3.040994543E-1
1.346643824E1	9.991119950E2	-3.021900596E-1
1.348143855E1	9.991928437E2	-2.746548409E-1
1.349643887E1	9.990672248E2	-3.174396787E-1
1.351143918E1	9.990573477E2	-3.208042015E-1
1.352643949E1	9.990752675E2	-3.147000565E-1
1.354143980E1	9.990768883E2	-3.141479724E-1
1.355644012E1	9.990935125E2	-3.084853879E-1
1.357144043E1	9.991155673E2	-3.009733093E-1
1.358644074E1	9.989862480E2	-3.450254505E-1
1.360144105E1	9.990842074E2	-3.116549079E-1
1.361644137E1	9.990971137E2	-3.072587528E-1
1.363144168E1	9.991765424E2	-2.802063219E-1
1.364644199E1	9.991424248E2	-2.918258178E-1
1.366144230E1	9.991881152E2	-2.762651142E-1
1.367644262E1	9.992143098E2	-2.673447296E-1
1.369144293E1	9.992965507E2	-2.393411420E-1
1.370644324E1	9.994020455E2	-2.034261834E-1
1.372144355E1	9.993297256E2	-2.280461422E-1
1.373644387E1	9.994331659E2	-1.928329015E-1
1.375144418E1	9.995430190E2	-1.554445772E-1
1.376644449E1	9.995710012E2	-1.459221799E-1
1.378144480E1	9.998476362E2	-5.181158261E-2
1.379644512E1	1.000109255E3	3.714269182E-2
1.381144543E1	1.000560482E3	1.904570682E-1
1.382644574E1	1.001108548E3	3.764890197E-1
1.384144605E1	1.001719818E3	5.837341164E-1
1.386411972E1	1.002364349E3	8.019826620E-1
1.387912003E1	1.002256398E3	7.654481103E-1
1.389412035E1	1.002154563E3	7.309766498E-1
1.390912066E1	1.001971235E3	6.689012946E-1
1.392412097E1	1.001744004E3	5.919291164E-1
1.393912128E1	1.001550409E3	5.263231626E-1
1.395412160E1	1.001307941E3	4.441191001E-1
1.396912191E1	1.001034648E3	3.514167480E-1
1.398412222E1	1.000765274E3	2.599940369E-1
1.399912253E1	1.000602311E3	2.046623404E-1
1.401412285E1	1.000430788E3	1.464049740E-1
1.402912316E1	1.000208226E3	7.078202294E-2
1.404412347E1	1.000039105E3	1.329518413E-2
1.405912378E1	1.000059870E3	2.035465110E-2
1.407412410E1	9.999576996E2	-1.438273452E-2
1.408912441E1	9.999104981E2	-3.043337066E-2
1.410412472E1	9.998464209E2	-5.222492790E-2
1.411912503E1	9.997473214E2	-8.593243331E-2
1.413412535E1	9.993092515E2	-2.350168152E-1
1.414912566E1	9.991142903E2	-3.014082489E-1
1.416412597E1	9.987777016E2	-4.160900555E-1
1.417912628E1	9.985091577E2	-5.076431956E-1
1.419412660E1	9.983613331E2	-5.580612314E-1
1.420912691E1	9.983035733E2	-5.777652129E-1
1.422412722E1	9.982853820E2	-5.839713942E-1
1.423912753E1	9.983023849E2	-5.781706402E-1
1.425412785E1	9.982211682E2	-6.058805812E-1
1.426912816E1	9.982176395E2	-6.070846104E-1
1.428412847E1	9.982944765E2	-5.808686614E-1
1.429912878E1	9.983281975E2	-5.693646993E-1
1.431412910E1	9.982288804E2	-6.032491009E-1
1.432912941E1	9.983499713E2	-5.619369616E-1
1.434412972E1	9.983539378E2	-5.605839110E-1
1.435913003E1	9.984018705E2	-5.442337882E-1
1.437413035E1	9.984603542E2	-5.242867956E-1
1.438913066E1	9.985098568E2	-5.074048095E-1
1.440413097E1	9.985849332E2	-4.818044828E-1
1.441913128E1	9.986555809E2	-4.577178588E-1
1.443413160E1	9.986476611E2	-4.604178576E-1
1.444913191E1	9.988446816E2	-3.932625983E-1
1.446413222E1	9.988771053E2	-3.822133747E-1
1.447913253E1	9.990653347E2	-3.180834880E-1
1.449413285E1	9.992469030E2	-2.562459612E-1
1.450913316E1	9.994608864E2	-1.833975000E-1
1.452413347E1	9.998047463E2	-6.639923345E-2
1.453913378E1	9.999860372E2	-4.747407056E-3
1.457093872E1	1.000559623E3	1.901654707E-1
1.458593903E1	1.000770799E3	2.618697307E-1
1.460093935E1	1.001021698E3	3.470226323E-1
1.461593966E1	1.001145822E3	3.891337528E-1
1.463093997E1	1.001109020E3	3.766491517E-1
1.464594028E1	1.001195739E3	4.060656213E-1
1.466094060E1	1.001472730E3	4.999918425E-1
1.467594091E1	1.001617937E3	5.492100358E-1
1.469094122E1	1.001940858E3	6.586135344E-1
1.470594153E1	1.002167627E3	7.353990052E-1
1.472094185E1	1.002295283E3	7.786091720E-1
1.473594216E1	1.002504979E3	8.495647267E-1
1.475094247E1	1.002677160E3	9.078040834E-1
1.476594278E1	1.002521608E3	8.551902098E-1
1.478094310E1	1.002554305E3	8.662509754E-1
1.479594341E1	1.002452499E3	8.318096481E-1
1.481094372E1	1.002242301E3	7.606766572E-1
1.482594403E1	1.001851730E3	6.284243986E-1
1.484094435E1	1.001513001E3	5.136432925E-1
1.485594466E1	1.000492521E3	1.673748599E-1
1.487094497E1	9.995327481E2	-1.589399196E-1
1.488594528E1	9.990739095E2	-3.151626309E-1
1.490094560E1	9.988208358E2	-4.013891198E-1
1.491594591E1	9.986906847E2	-4.457508146E-1
1.493094622E1	9.988071627E2	-4.060490342E-1
1.494594653E1	9.989062567E2	-3.722798918E-1
1.496094685E1	9.992923379E2	-2.407755031E-1
1.497594716E1	9.993196423E2	-2.314791047E-1
1.499094747E1	9.995563760E2	-1.508990954E-1
1.500594778E1	9.994807631E2	-1.766322504E-1
1.502094810E1	9.995388743E2	-1.568550756E-1
1.503594841E1	9.995317269E2	-1.592874400E-1
1.505094872E1	9.995660384E2	-1.476109979E-1
1.506594903E1	9.995368948E2	-1.575287151E-1
1.508094935E1	9.996493305E2	-1.192694607E-1
1.509594966E1	9.996390387E2	-1.227711631E-1
1.511094997E1	9.995833311E2	-1.417264957E-1
1.512595028E1	9.996443468E2	-1.209651153E-1
1.514095060E1	9.996260016E2	-1.272070325E-1
1.515595091E1	9.996133937E2	-1.314969740E-1
1.517095122E1	9.996274558E2	-1.267122271E-1
1.518595153E1	9.996369569E2	-1.234794835E-1
1.520095185E1	9.995981133E2	-1.366964230E-1
1.521595216E1	9.996411937E2	-1.220379402E-1
1.523095247E1	9.996065444E2	-1.338275459E-1
1.524595278E1	9.996112337E2	-1.322319470E-1
1.526537014E1	9.997056703E2	-1.001015664E-1
1.528037046E1	9.995673524E2	-1.471638548E-1
1.529537077E1	9.995788881E2	-1.432383547E-1
1.531037108E1	9.995596278E2	-1.497924975E-1
1.532537139E1	9.996003801E2	-1.359250831E-1
1.534037171E1	9.996004464E2	-1.359025117E-1
1.535537202E1	9.995985727E2	-1.365400935E-1
1.537037233E1	9.996824839E2	-1.079897746E-1
1.538537264E1	9.996791698E2	-1.091172657E-1
1.540037296E1	9.996882267E2	-1.060359817E-1
1.541537327E1	9.998099763E2	-6.462032786E-2
1.543037358E1	9.998059862E2	-6.597748644E-2
1.544537389E1	9.999251508E2	-2.545062879E-2
1.546037421E1	9.999534435E2	-1.582993774E-2
1.547537452E1	9.999632212E2	-1.250524044E-2
1.549037483E1	1.000171821E3	5.840903288E-2
1.550537514E1	1.000398100E3	1.353000690E-1
1.552037546E1	1.000543622E3	1.847311018E-1
1.553537577E1	1.001073868E3	3.647234603E-1
1.555037608E1	1.001820499E3	6.178450240E-1
1.556537639E1	1.002065255E3	7.007395786E-1
1.558037671E1	1.002204991E3	7.480474079E-1
1.559537702E1	1.002095028E3	7.108202599E-1
1.561037733E1	1.002014041E3	6.833974465E-1
1.562537764E1	1.001848208E3	6.272315001E-1
1.564037796E1	1.001643512E3	5.578771053E-1
1.565537827E1	1.001563994E3	5.309275552E-1
1.567037858E1	1.001528858E3	5.190181523E-1
1.568537889E1	1.001325407E3	4.500419871E-1
1.570037921E1	1.001139386E3	3.869504833E-1
1.571537952E1	1.000874264E3	2.969899759E-1
1.573037983E1	1.000678108E3	2.304003458E-1
1.574538014E1	1.000647229E3	2.199153677E-1
1.576038046E1	1.000380427E3	1.292961438E-1
1.577538077E1	1.000327583E3	1.113415809E-1
1.579038108E1	1.000304538E3	1.035115541E-1
1.580538139E1	1.000378552E3	1.286589666E-1
1.582038171E1	1.000606426E3	2.060598947E-1
1.583538202E1	1.000773673E3	2.628454351E-1
1.585038233E1	1.000603848E3	2.051845077E-1
1.586538264E1	1.000492033E3	1.672088145E-1
1.588038296E1	1.000401639E3	1.365024316E-1
1.589538327E1	1.000192910E3	6.557681928E-2
1.591038358E1	1.000005142E3	1.748330668E-3
1.592538389E1	9.998141215E2	-6.321044166E-2
1.594038421E1	9.995820087E2	-1.421764594E-1
1.596879484E1	9.993439283E2	-2.232108107E-1
1.598379515E1	9.992795061E2	-2.451445415E-1
1.599879546E1	9.991531862E2	-2.881607152E-1
1.601379577E1	9.991972507E2	-2.731540201E-1
1.602879609E1	9.990911771E2	-3.092808564E-1
1.604379640E1	9.992231039E2	-2.643500311E-1
1.605879671E1	9.991643708E2	-2.843515420E-1
1.607379702E1	9.992395685E2	-2.587434650E-1
1.608879734E1	9.992764269E2	-2.461929857E-1
1.610379765E1	9.993714307E2	-2.138479727E-1
1.611879796E1	9.994406455E2	-1.902869539E-1
1.613379827E1	9.996883034E2	-1.060098982E-1
1.614879859E1	9.997702842E2	-7.812131893E-2
1.616379890E1	9.999774591E2	-7.664073082E-3
1.617879921E1	1.000227052E3	7.718014118E-2
1.619379952E1	1.000436070E3	1.481992025E-1
1.620879984E1	1.000731432E3	2.485052815E-1
1.622380015E1	1.000959228E3	3.258250194E-1
1.623880046E1	1.001156752E3	3.928413547E-1
1.625380077E1	1.001389212E3	4.716766768E-1
1.626880109E1	1.001585280E3	5.381421812E-1
1.628380140E1	1.001606359E3	5.452861369E-1
1.629880171E1	1.001798483E3	6.103865021E-1
1.631380202E1	1.001831938E3	6.217200259E-1
1.632880234E1	1.001943558E3	6.595280105E-1
1.634380265E1	1.002138228E3	7.254462607E-1
1.635880296E1	1.002056291E3	6.977043438E-1
1.637380327E1	1.002157912E3	7.321103328E-1
1.638880359E1	1.002454487E3	8.324823045E-1
1.640380390E1	1.002553264E3	8.658989252E-1
1.641880421E1	1.002575817E3	8.735277026E-1
1.643380452E1	1.002641052E3	8.955924995E-1
1.644880484E1	1.002577246E3	8.740110049E-1
1.646380515E1	1.002531382E3	8.584965730E-1
1.647880546E1	1.002339456E3	7.935583857E-1
1.649380577E1	1.001910241E3	6.482436898E-1
1.650880609E1	1.001660007E3	5.634669735E-1
1.652380640E1	1.001235375E3	4.195090897E-1
1.653880671E1	1.000707985E3	2.405445622E-1
1.655380702E1	1.000002941E3	9.999332560E-4
1.656880734E1	9.997742213E2	-7.678207977E-2
1.658380765E1	9.995116321E2	-1.661262086E-1
1.659880796E1	9.993870171E2	-2.085420251E-1
1.661380827E1	9.992994133E2	-2.383664751E-1
1.662880859E1	9.997070141E2	-9.964439771E-2
1.664380890E1	1.000051171E3	1.739740119E-2
1.666470426E1	1.000524153E3	1.781185422E-1
1.667970457E1	1.000408171E3	1.387216057E-1
1.669470488E1	1.000548259E3	1.863058258E-1
1.670970519E1	1.000522251E3	1.774725341E-1
1.672470551E1	1.000369034E3	1.254253649E-1
1.673970582E1	1.000405125E3	1.376868456E-1
1.675470613E1	1.000421237E3	1.431602412E-1
1.676970644E1	1.000287668E3	9.777916109E-2
1.678470676E1	1.000348510E3	1.184520433E-1
1.679970707E1	1.000385605E3	1.310551570E-1
1.681470738E1	1.000398910E3	1.355752569E-1
1.682970769E1	1.000478740E3	1.626938034E-1
1.684470801E1	1.000450370E3	1.530569703E-1
1.685970832E1	1.000400251E3	1.360308951E-1
1.687470863E1	1.000460930E3	1.566441125E-1
1.688970894E1	1.000444351E3	1.510122748E-1
1.690470926E1	1.000523493E3	1.778946017E-1
1.691970957E1	1.000488338E3	1.659540478E-1
1.693470988E1	1.000544745E3	1.851125634E-1
1.694971019E1	1.000499381E3	1.697049411E-1
1.696471051E1	1.000569084E3	1.933784674E-1
1.697971082E1	1.000567963E3	1.929977770E-1
1.699471113E1	1.000511999E3	1.739904452E-1
1.700971144E1	1.000525253E3	1.784921210E-1
1.702471176E1	1.000495300E3	1.683187034E-1
1.703971207E1	1.000506053E3	1.719711199E-1
1.705471238E1	1.000567515E3	1.928456963E-1
1.706971269E1	1.000549370E3	1.866831246E-1
1.708471301E1	1.000512564E3	1.741825493E-1
1.709971332E1	1.000661977E3	2.249232519E-1
1.711471363E1	1.000714102E3	2.426215313E-1
1.712971394E1	1.000692309E3	2.352222220E-1
1.714471426E1	1.000839122E3	2.850624452E-1
1.715971457E1	1.000894669E3	3.039156400E-1
1.717471488E1	1.000998448E3	3.391338227E-1
1.718971519E1	1.001228893E3	4.173108108E-1
1.720471551E1	1.001090525E3	3.703746985E-1
1.721971582E1	1.001194993E3	4.058128281E-1
1.723471613E1	1.001132630E3	3.846583790E-1
1.724971644E1	1.001136022E3	3.858091911E-1
1.726471676E1	1.001218773E3	4.138783874E-1
1.727971707E1	1.001003462E3	3.408350001E-1
1.729471738E1	1.000811235E3	2.755962947E-1
1.730971769E1	1.000889765E3	3.022510733E-1
1.732471801E1	1.000800641E3	2.720000767E-1
1.733971832E1	1.001019406E3	3.462451619E-1
1.736766514E1	1.001035832E3	3.518185808E-1
1.738266545E1	1.001030720E3	3.500840926E-1
1.739766577E1	1.001120810E3	3.806488274E-1
1.741266608E1	1.001015561E3	3.449403273E-1
1.742766639E1	1.000824151E3	2.799805763E-1
1.744266670E1	1.000609580E3	2.071310727E-1
1.745766702E1	1.000578527E3	1.965855281E-1
1.747266733E1	1.000715744E3	2.431788486E-1
1.748766764E1	1.000656970E3	2.232231422E-1
1.750266795E1	1.000663877E3	2.255682797E-1
1.751766827E1	1.000757480E3	2.573482035E-1
1.753266858E1	1.000665775E3	2.262127473E-1
1.754766889E1	1.000929319E3	3.156751976E-1
1.756266920E1	1.001100566E3	3.737811551E-1
1.757766952E1	1.001079262E3	3.665536388E-1
1.759266983E1	1.001138837E3	3.867641317E-1
1.760767014E1	1.001165476E3	3.958005416E-1
1.762267045E1	1.001090202E3	3.702648475E-1
1.763767077E1	1.001143769E3	3.884372180E-1
1.765267108E1	1.001058170E3	3.593975008E-1
1.766767139E1	1.000979224E3	3.326103568E-1
1.768267170E1	1.000990510E3	3.364401094E-1
1.769767202E1	1.000913194E3	3.102028093E-1
1.771267233E1	1.000821582E3	2.791085720E-1
1.772767264E1	1.000841969E3	2.860287199E-1
1.774267295E1	1.000767818E3	2.608576732E-1
1.775767327E1	1.000751630E3	2.553623926E-1
1.777267358E1	1.000807374E3	2.742855638E-1
1.778767389E1	1.000858643E3	2.916880243E-1
1.780267420E1	1.000944022E3	3.206646879E-1
1.781767452E1	1.001025845E3	3.484300040E-1
1.783267483E1	1.001158342E3	3.933804453E-1
1.784767514E1	1.001179479E3	4.005504380E-1
1.786267545E1	1.001448533E3	4.917890097E-1
1.787767577E1	1.001579597E3	5.362159411E-1
1.789267608E1	1.001646730E3	5.589676728E-1
1.790767639E1	1.001950507E3	6.618813328E-1
1.792267670E1	1.001649511E3	5.599102571E-1
1.793767702E1	1.001962190E3	6.658381478E-1
1.795267733E1	1.002010692E3	6.822635733E-1
1.796767764E1	1.002064479E3	7.004766397E-1
1.798267795E1	1.002132930E3	7.236525998E-1
1.799767827E1	1.002110707E3	7.161289772E-1
1.801267858E1	1.001973421E3	6.696418107E-1
1.802767889E1	1.002230005E3	7.565148007E-1
1.804267920E1	1.002187418E3	7.420987535E-1
1.806607891E1	1.002347339E3	7.962262337E-1
1.808107922E1	1.002336099E3	7.924224874E-1
1.809607954E1	1.002252258E3	7.640468210E-1
1.811107985E1	1.002239122E3	7.596008073E-1
1.812608016E1	1.002142452E3	7.268762270E-1
1.814108047E1	1.002144359E3	7.275219915E-1
1.815608079E1	1.001960823E3	6.653751704E-1
1.817108110E1	1.001707043E3	5.794056785E-1
1.818608141E1	1.001228056E3	4.170269582E-1
1.820108172E1	1.000751084E3	2.551768192E-1
1.821608204E1	1.000480652E3	1.633432098E-1
1.823108235E1	1.000099045E3	3.367211829E-2
1.824608266E1	9.996457820E2	-1.204767862E-1
1.826108297E1	9.992531533E2	-2.541176509E-1
1.827608329E1	9.993270250E2	-2.289655832E-1
1.829108360E1	9.990832765E2	-3.119719909E-1
1.830608391E1	9.992164321E2	-2.666220171E-1
1.832108422E1	9.995053286E2	-1.682715058E-1
1.833608454E1	9.998485060E2	-5.151576743E-2
1.835108485E1	1.000369642E3	1.256319466E-1
1.836608516E1	1.000759270E3	2.579559323E-1
1.838108547E1	1.001009896E3	3.430182141E-1
1.839608579E1	1.000936261E3	3.180311433E-1
1.841108610E1	1.000887288E3	3.014106297E-1
1.842608641E1	1.000804267E3	2.732309179E-1
1.844108672E1	1.000671750E3	2.282416989E-1
1.845608704E1	1.000527622E3	1.792968295E-1
1.847108735E1	1.000629420E3	2.138682048E-1
1.848608766E1	1.000686714E3	2.333225468E-1
1.850108797E1	1.000677384E3	2.301547094E-1
1.851608829E1	1.000805829E3	2.737611491E-1
1.853108860E1	1.000867853E3	2.948143249E-1
1.854608891E1	1.000768703E3	2.611581439E-1
1.856108922E1	1.000818243E3	2.779750714E-1
1.857608954E1	1.000843954E3	2.867022657E-1
1.859108985E1	1.000832570E3	2.828382145E-1
1.860609016E1	1.000838782E3	2.849467765E-1
1.862109047E1	1.000835437E3	2.838115771E-1
1.863609079E1	1.000876824E3	2.978589795E-1
1.865109110E1	1.000854144E3	2.901611265E-1
1.866609141E1	1.000890539E3	3.025139337E-1
1.868109172E1	1.000846346E3	2.875142860E-1
1.869609204E1	1.000889674E3	3.022201442E-1
1.871109235E1	1.000887189E3	3.013770482E-1
1.872609266E1	1.000804061E3	2.731611978E-1
1.874109297E1	1.000874536E3	2.970823363E-1
1.876960660E1	1.000814184E3	2.765974180E-1
1.878460691E1	1.000885906E3	3.009415375E-1
1.879960723E1	1.000952487E3	3.235374961E-1
1.881460754E1	1.000981427E3	3.333578899E-1
1.882960785E1	1.001089121E3	3.698981483E-1
1.884460816E1	1.001163220E3	3.950353938E-1
1.885960848E1	1.001346248E3	4.571090609E-1
1.887460879E1	1.001534540E3	5.209442259E-1
1.888960910E1	1.001822847E3	6.186401756E-1
1.890460941E1	1.001893342E3	6.425197516E-1
1.891960973E1	1.001913338E3	6.492927630E-1
1.893461004E1	1.001923150E3	6.526160723E-1
1.894961035E1	1.002036904E3	6.911394684E-1
1.896461066E1	1.001698939E3	5.766596845E-1
1.897961098E1	1.001171677E3	3.979038364E-1
1.899461129E1	1.000350996E3	1.192969285E-1
1.900961160E1	9.999222184E2	-2.644778491E-2
1.902461191E1	9.995694613E2	-1.464462169E-1
1.903961223E1	9.994081353E2	-2.013531602E-1
1.905461254E1	9.993802742E2	-2.108374481E-1
1.906961285E1	9.993451614E2	-2.227910176E-1
1.908461316E1	9.992749327E2	-2.467017583E-1
1.909961348E1	9.995097597E2	-1.667634549E-1
1.911461379E1	9.992554781E2	-2.533260481E-1
1.912961410E1	9.995182199E2	-1.638841772E-1
1.914461441E1	9.997266892E2	-9.295109297E-2
1.915961473E1	9.996492361E2	-1.193015725E-1
1.917461504E1	9.999348305E2	-2.215908610E-2
1.918961535E1	9.999434052E2	-1.924331623E-2
1.920461566E1	9.998223045E2	-6.042719345E-2
1.921961598E1	1.000270501E3	9.194557763E-2
1.923461629E1	1.000168353E3	5.723027045E-2
1.924961660E1	1.000376471E3	1.279520809E-1
1.926461691E1	1.000401201E3	1.363536992E-1
1.927961723E1	1.000602834E3	2.048401680E-1
1.929461754E1	1.000494402E3	1.680135960E-1
1.930961785E1	1.000675724E3	2.295909388E-1
1.932461816E1	1.000875660E3	2.974639812E-1
1.933961848E1	1.001063695E3	3.612719166E-1
1.935461879E1	1.001223396E3	4.154462394E-1
1.936961910E1	1.001388679E3	4.714960950E-1
1.938461941E1	1.001541107E3	5.231702853E-1
1.939961973E1	1.001690023E3	5.736384705E-1
1.941462004E1	1.001737026E3	5.895646533E-1
1.942962035E1	1.001870960E3	6.349384767E-1
1.944462066E1	1.001749332E3	5.937342489E-1
1.947123826E1	1.001956602E3	6.639455111E-1
1.948623857E1	1.001925722E3	6.534871673E-1
1.950123888E1	1.002097177E3	7.115478979E-1
1.951623919E1	1.002059030E3	6.986318087E-1
1.953123951E1	1.002119771E3	7.191976705E-1
1.954623982E1	1.002177662E3	7.387961058E-1
1.956124013E1	1.002164965E3	7.344978134E-1
1.957624044E1	1.002189226E3	7.427109427E-1
1.959124076E1	1.002238601E3	7.594243528E-1
1.960624107E1	1.002181691E3	7.401603079E-1
1.962124138E1	1.002268356E3	7.694954310E-1
1.963624169E1	1.002128265E3	7.220733732E-1
1.965124201E1	1.002074708E3	7.039404128E-1
1.966624232E1	1.002131342E3	7.231151052E-1
1.968124263E1	1.002053019E3	6.965962185E-1
1.969624294E1	1.001943028E3	6.593484395E-1
1.971124326E1	1.002005191E3	6.804006415E-1
1.972624357E1	1.001887168E3	6.404286317E-1
1.974124388E1	1.001940676E3	6.585516523E-1
1.975624419E1	1.001784688E3	6.057130131E-1
1.977124451E1	1.001673465E3	5.680273669E-1
1.978624482E1	1.001518722E3	5.155823666E-1
1.980124513E1	1.001443472E3	4.900730634E-1
1.981624544E1	1.001209438E3	4.107122815E-1
1.983124576E1	1.001242101E3	4.217905844E-1
1.984624607E1	1.000944804E3	3.209301212E-1
1.986124638E1	1.000684823E3	2.326805174E-1
1.987624669E1	1.000328068E3	1.115064353E-1
1.989124701E1	9.999590659E2	-1.391814894E-2
1.990624732E1	9.997050076E2	-1.003269951E-1
1.992124763E1	9.994668486E2	-1.813681652E-1
1.993624794E1	9.991513013E2	-2.888026719E-1
1.995124826E1	9.990253130E2	-3.317169147E-1
1.996624857E1	9.991107597E2	-3.026108005E-1
1.998124888E1	9.989641123E2	-3.525670313E-1
1.999624919E1	9.992125583E2	-2.679411629E-1
2.001124951E1	9.990772845E2	-3.140130079E-1
2.002624982E1	9.995842633E2	-1.414092702E-1
2.004125013E1	1.000213223E3	7.248019956E-2
2.005625044E1	1.000423679E3	1.439899276E-1
2.007125076E1	1.000737822E3	2.506746531E-1
2.008625107E1	1.001097053E3	3.725891197E-1
2.010125138E1	1.001301704E3	4.420039775E-1
2.011625169E1	1.001286166E3	4.367348550E-1
2.013125201E1	1.001205631E3	4.094209815E-1
2.014625232E1	1.000829025E3	2.816349497E-1
2.016404564E1	1.000860106E3	2.921848254E-1
2.017904595E1	1.000805427E3	2.736249643E-1
2.019404626E1	1.001058923E3	3.596528161E-1
2.020904658E1	1.000958328E3	3.255194178E-1
2.022404689E1	1.000933422E3	3.170676691E-1
2.023904720E1	1.001041013E3	3.535762851E-1
2.025404751E1	1.000988924E3	3.359019758E-1
2.026904783E1	1.001077077E3	3.658121099E-1
2.028404814E1	1.001104614E3	3.751542652E-1
2.029904845E1	1.001103951E3	3.749292877E-1
2.031404876E1	1.001151662E3	3.911145968E-1
2.032904908E1	1.001171980E3	3.980066260E-1
2.034404939E1	1.001170024E3	3.973432878E-1
2.035904970E1	1.001078684E3	3.663575217E-1
2.037405001E1	1.001170483E3	3.974990844E-1
2.038905033E1	1.001086610E3	3.690463471E-1
2.040405064E1	1.001084614E3	3.683692845E-1
2.041905095E1	1.001154746E3	3.921606504E-1
2.043405126E1	1.000992806E3	3.372191817E-1
2.044905158E1	1.001007890E3	3.423377180E-1
2.046405189E1	1.001140004E3	3.871601428E-1
2.047905220E1	1.001040421E3	3.533753637E-1
2.049405251E1	1.001064827E3	3.616562441E-1
2.050905283E1	1.001164604E3	3.955049220E-1
2.052405314E1	1.001094009E3	3.715566204E-1
2.053905345E1	1.001364849E3	4.634162971E-1
2.055405376E1	1.001507695E3	5.118447047E-1
2.056905408E1	1.001552846E3	5.271490139E-1
2.058405439E1	1.001849891E3	6.278015548E-1
2.059905470E1	1.002086538E3	7.079456836E-1
2.061405501E1	1.002093699E3	7.103703536E-1
2.062905533E1	1.002241887E3	7.605366752E-1
2.064405564E1	1.001979140E3	6.715784374E-1
2.065905595E1	1.001774158E3	6.021455798E-1
2.067405626E1	1.001346192E3	4.570899518E-1
2.068905658E1	1.000452717E3	1.538541977E-1
2.070405689E1	9.997252125E2	-9.345342900E-2
2.071905720E1	9.991378359E2	-2.933887282E-1
2.073405751E1	9.988693045E2	-3.848716315E-1
2.074905783E1	9.988387076E2	-3.952984731E-1
2.076405814E1	9.986023460E2	-4.758674533E-1
2.077905845E1	9.985598364E2	-4.903618358E-1
2.079405876E1	9.982975997E2	-5.798031529E-1
2.080905908E1	9.981973233E2	-6.140169526E-1
2.082405939E1	9.983509173E2	-5.616142583E-1
2.083905970E1	9.983584662E2	-5.590391751E-1
2.086917814E1	9.987753246E2	-4.169002089E-1
2.088417845E1	9.989380627E2	-3.614425055E-1
2.089917876E1	9.990426375E2	-3.258151710E-1
2.091417908E1	9.992885121E2	-2.420781148E-1
2.092917939E1	9.992684870E2	-2.488964938E-1
2.094417970E1	9.994798284E2	-1.769503724E-1
2.095918001E1	9.995572851E2	-1.505897348E-1
2.097418033E1	9.996633875E2	-1.144867837E-1
2.098918064E1	9.997302393E2	-9.174339595E-2
2.100418095E1	9.998902718E2	-3.731166773E-2
2.101918126E1	1.000018010E3	6.123425623E-3
2.103418158E1	1.000219870E3	7.473929970E-2
2.104918189E1	1.000413693E3	1.405973971E-1
2.106418220E1	1.000634879E3	2.157218153E-1
2.107918251E1	1.000780773E3	2.652555555E-1
2.109418283E1	1.001114307E3	3.784425169E-1
2.110918314E1	1.001258302E3	4.272850692E-1
2.112418345E1	1.001414050E3	4.800982281E-1
2.113918376E1	1.001545133E3	5.245347413E-1
2.115418408E1	1.001660411E3	5.636039875E-1
2.116918439E1	1.001689058E3	5.733115209E-1
2.118418470E1	1.001790944E3	6.078324938E-1
2.119918501E1	1.001737397E3	5.896903850E-1
2.121418533E1	1.001824358E3	6.191523080E-1
2.122918564E1	1.001880109E3	6.380373828E-1
2.124418595E1	1.001965532E3	6.669699470E-1
2.125918626E1	1.001930810E3	6.552103574E-1
2.127418658E1	1.001895951E3	6.434033103E-1
2.128918689E1	1.001873310E3	6.357343181E-1
2.130418720E1	1.001858720E3	6.307924084E-1
2.131918751E1	1.001963529E3	6.662916393E-1
2.133418783E1	1.001839110E3	6.241494063E-1
2.134918814E1	1.001772125E3	6.014565631E-1
2.136418845E1	1.001854653E3	6.294145187E-1
2.137918876E1	1.001808471E3	6.137703094E-1
2.139418908E1	1.001738293E3	5.899941369E-1
2.140918939E1	1.001645064E3	5.584031152E-1
2.142418970E1	1.001634937E3	5.549712589E-1
2.143919001E1	1.001461141E3	4.960631866E-1
2.145419033E1	1.001332098E3	4.523109328E-1
2.146919064E1	1.001183768E3	4.020052245E-1
2.148419095E1	1.001028926E3	3.494752531E-1
2.149919126E1	1.000875134E3	2.972852665E-1
2.151419158E1	1.000771441E3	2.620878899E-1
2.152919189E1	1.000498476E3	1.693974270E-1
2.154419220E1	1.000119736E3	4.070520740E-2
2.156355968E1	9.996212451E2	-1.288254559E-1
2.157855999E1	9.994833584E2	-1.757489436E-1
2.159356030E1	9.993449334E2	-2.228686419E-1
2.160856061E1	9.990361980E2	-3.280088009E-1
2.162356093E1	9.990265117E2	-3.313085383E-1
2.163856124E1	9.989198064E2	-3.676629638E-1
2.165356155E1	9.988463018E2	-3.927104740E-1
2.166856186E1	9.989841675E2	-3.457342452E-1
2.168356218E1	9.988234480E2	-4.004988926E-1
2.169856249E1	9.989480551E2	-3.580378890E-1
2.171356280E1	9.988448179E2	-3.932161526E-1
2.172856311E1	9.989623099E2	-3.531811211E-1
2.174356343E1	9.993171324E2	-2.323336446E-1
2.175856374E1	9.995344832E2	-1.583494117E-1
2.177356405E1	9.999700587E2	-1.018034623E-2
2.178856436E1	1.000605161E3	2.056303945E-1
2.180356468E1	1.000986015E3	3.349148303E-1
2.181856499E1	1.001111607E3	3.775265703E-1
2.183356530E1	1.001098899E3	3.732154993E-1
2.184856561E1	1.001048649E3	3.561670411E-1
2.186356593E1	1.001064981E3	3.617083953E-1
2.187856624E1	1.001021974E3	3.471163443E-1
2.189356655E1	1.000939703E3	3.191990171E-1
2.190856686E1	1.000847575E3	2.879315006E-1
2.192356718E1	1.000870821E3	2.958213733E-1
2.193856749E1	1.000836730E3	2.842503946E-1
2.195356780E1	1.000818183E3	2.779547716E-1
2.196856811E1	1.000882076E3	2.996416684E-1
2.198356843E1	1.000933775E3	3.171873432E-1
2.199856874E1	1.000855036E3	2.904639805E-1
2.201356905E1	1.000932330E3	3.166968700E-1
2.202856936E1	1.000921034E3	3.128632836E-1
2.204356968E1	1.000861375E3	2.926155454E-1
2.205856999E1	1.000962167E3	3.268221640E-1
2.207357030E1	1.000883758E3	3.002125628E-1
2.208857061E1	1.000798457E3	2.712587727E-1
2.210357093E1	1.000928600E3	3.154310075E-1
2.211857124E1	1.000819854E3	2.785221823E-1
2.213357155E1	1.000766427E3	2.603855319E-1
2.214857186E1	1.000927420E3	3.150308023E-1
2.216357218E1	1.000782804E3	2.659451061E-1
2.217857249E1	1.000809736E3	2.750875664E-1
2.219357280E1	1.000926835E3	3.148321906E-1
2.220857311E1	1.000876926E3	2.978936304E-1
2.222357343E1	1.001101446E3	3.740795966E-1
2.223857374E1	1.001113881E3	3.782983292E-1
2.226704891E1	1.001405236E3	4.771098867E-1
2.228204922E1	1.001660434E3	5.636116768E-1
2.229704953E1	1.001773869E3	6.020475765E-1
2.231204984E1	1.001977718E3	6.710968329E-1
2.232705016E1	1.002042033E3	6.928761865E-1
2.234205047E1	1.002219543E3	7.529733641E-1
2.235705078E1	1.002358145E3	7.998829784E-1
2.237205109E1	1.002337157E3	7.927804138E-1
2.238705141E1	1.001995736E3	6.771986183E-1
2.240205172E1	1.001156145E3	3.926353556E-1
2.241705203E1	1.000487744E3	1.657519487E-1
2.243205234E1	9.995170053E2	-1.642975526E-1
2.244705266E1	9.990994517E2	-3.064623981E-1
2.246205297E1	9.990163919E2	-3.347560153E-1
2.247705328E1	9.988021715E2	-4.077501046E-1
2.249205359E1	9.986315981E2	-4.658941725E-1
2.250705391E1	9.985575020E2	-4.911578228E-1
2.252205422E1	9.982593970E2	-5.928369171E-1
2.253705453E1	9.979925844E2	-6.838941470E-1
2.255205484E1	9.980464798E2	-6.654969166E-1
2.256705516E1	9.978664460E2	-7.269593540E-1
2.258205547E1	9.980584398E2	-6.614146379E-1
2.259705578E1	9.983048668E2	-5.773239350E-1
2.261205609E1	9.982604387E2	-5.924814839E-1
2.262705641E1	9.984364081E2	-5.324537807E-1
2.264205672E1	9.985935724E2	-4.788588793E-1
2.265705703E1	9.986845437E2	-4.478442620E-1
2.267205734E1	9.988778830E2	-3.819483551E-1
2.268705766E1	9.988332236E2	-3.971673936E-1
2.270205797E1	9.989852733E2	-3.453575268E-1
2.271705828E1	9.991323805E2	-2.952467993E-1
2.273205859E1	9.993538964E2	-2.198172639E-1
2.274705891E1	9.995211699E2	-1.628802258E-1
2.276205922E1	9.998117607E2	-6.401340061E-2
2.277705953E1	9.999637990E2	-1.230879424E-2
2.279205984E1	1.000124069E3	4.217830400E-2
2.280706016E1	1.000213706E3	7.264446483E-2
2.282206047E1	1.000557822E3	1.895536613E-1
2.283706078E1	1.000594621E3	2.020510201E-1
2.285206109E1	1.000647138E3	2.198847170E-1
2.286706141E1	1.000895409E3	3.041667756E-1
2.288206172E1	1.000799462E3	2.715998016E-1
2.289706203E1	1.000921097E3	3.128848805E-1
2.291206234E1	1.001073802E3	3.647012111E-1
2.292706266E1	1.001065784E3	3.619807439E-1
2.294206297E1	1.001121301E3	3.808152594E-1
2.296635606E1	1.001150859E3	3.908421126E-1
2.298135637E1	1.001167519E3	3.964937073E-1
2.299635669E1	1.001218748E3	4.138698605E-1
2.301135700E1	1.001230228E3	4.177635088E-1
2.302635731E1	1.001270789E3	4.315200139E-1
2.304135762E1	1.001192538E3	4.049798106E-1
2.305635794E1	1.001157035E3	3.929371581E-1
2.307135825E1	1.001226466E3	4.164876012E-1
2.308635856E1	1.001160810E3	3.942178726E-1
2.310135887E1	1.001145555E3	3.890430202E-1
2.311635919E1	1.001104420E3	3.750887020E-1
2.313135950E1	1.000988103E3	3.356232554E-1
2.314635981E1	1.000935203E3	3.176720324E-1
2.316136012E1	1.000733076E3	2.490634242E-1
2.317636044E1	1.000780309E3	2.650980569E-1
2.319136075E1	1.000604624E3	2.054477931E-1
2.320636106E1	1.000309212E3	1.050995517E-1
2.322136137E1	1.000040477E3	1.376157847E-2
2.323636169E1	9.997788751E2	-7.519910992E-2
2.325136200E1	9.995482387E2	-1.536682659E-1
2.326636231E1	9.993292101E2	-2.282216531E-1
2.328136262E1	9.991048548E2	-3.046220494E-1
2.329636294E1	9.990231594E2	-3.324505417E-1
2.331136325E1	9.991220125E2	-2.987780732E-1
2.332636356E1	9.993263006E2	-2.292122307E-1
2.334136387E1	9.993054602E2	-2.363076619E-1
2.335636419E1	9.994189857E2	-1.976597045E-1
2.337136450E1	9.994554513E2	-1.852474413E-1
2.338636481E1	9.994199696E2	-1.973248035E-1
2.340136512E1	9.991706210E2	-2.822229349E-1
2.341636544E1	9.993372348E2	-2.254896226E-1
2.343136575E1	9.994038683E2	-2.028056856E-1
2.344636606E1	9.995266488E2	-1.610156348E-1
2.346136637E1	9.998548528E2	-4.935720827E-2
2.347636669E1	1.000305021E3	1.036754925E-1
2.349136700E1	1.000635370E3	2.158887380E-1
2.350636731E1	1.001115788E3	3.789449907E-1
2.352136762E1	1.001250971E3	4.247987642E-1
2.353636794E1	1.001310045E3	4.448325983E-1
2.355136825E1	1.001507290E3	5.117074250E-1
2.356636856E1	1.001461183E3	4.960772950E-1
2.358136887E1	1.001506615E3	5.114785211E-1
2.359636919E1	1.001346419E3	4.571670109E-1
2.361136950E1	1.001299031E3	4.410976432E-1
2.362636981E1	1.001312537E3	4.456774887E-1
2.364137012E1	1.001184462E3	4.022406418E-1
2.367117498E1	1.001226501E3	4.164995259E-1
2.368617530E1	1.001190469E3	4.042780463E-1
2.370117561E1	1.001149340E3	3.903270157E-1
2.371617592E1	1.001123568E3	3.815844031E-1
2.373117623E1	1.001156252E3	3.926716728E-1
2.374617655E1	1.001188565E3	4.036322620E-1
2.376117686E1	1.001060403E3	3.601552316E-1
2.377617717E1	1.001089007E3	3.698596530E-1
2.379117748E1	1.001105260E3	3.753736493E-1
2.380617780E1	1.000948161E3	3.220694916E-1
2.382117811E1	1.001012980E3	3.440645971E-1
2.383617842E1	1.000979946E3	3.328553979E-1
2.385117873E1	1.000938805E3	3.188944451E-1
2.386617905E1	1.000856461E3	2.909476301E-1
2.388117936E1	1.000957671E3	3.252964693E-1
2.389617967E1	1.000933194E3	3.169901416E-1
2.391117998E1	1.000959694E3	3.259832230E-1
2.392618030E1	1.000939040E3	3.189739223E-1
2.394118061E1	1.001033227E3	3.509344912E-1
2.395618092E1	1.001114455E3	3.784929116E-1
2.397118123E1	1.001211557E3	4.114310025E-1
2.398618155E1	1.001297458E3	4.405641259E-1
2.400118186E1	1.001595011E3	5.414401476E-1
2.401618217E1	1.001628790E3	5.528879056E-1
2.403118248E1	1.001871355E3	6.350721310E-1
2.404618280E1	1.002126656E3	7.215287411E-1
2.406118311E1	1.002095137E3	7.108573420E-1
2.407618342E1	1.002185350E3	7.413986910E-1
2.409118373E1	1.002064406E3	7.004519962E-1
2.410618405E1	1.001776068E3	6.027924552E-1
2.412118436E1	1.001152312E3	3.913349750E-1
2.413618467E1	1.000261187E3	8.878022997E-2
2.415118498E1	9.997111428E2	-9.823981814E-2
2.416618530E1	9.991690644E2	-2.827530696E-1
2.418118561E1	9.989202994E2	-3.674949999E-1
2.419618592E1	9.990681607E2	-3.171208797E-1
2.421118623E1	9.988448471E2	-3.932061981E-1
2.422618655E1	9.987615119E2	-4.216081120E-1
2.424118686E1	9.986351109E2	-4.646965413E-1
2.425618717E1	9.983473165E2	-5.628425991E-1
2.427118748E1	9.981723129E2	-6.225514582E-1
2.428618780E1	9.979295596E2	-7.054102427E-1
2.430118811E1	9.976997242E2	-7.838969634E-1
2.431618842E1	9.978296910E2	-7.395100383E-1
2.433118873E1	9.977885508E2	-7.535591843E-1
2.434618905E1	9.978456268E2	-7.340683385E-1
2.436729318E1	9.980579697E2	-6.615751072E-1
2.438229349E1	9.981753961E2	-6.214993317E-1
2.439729380E1	9.984017092E2	-5.442888150E-1
2.441229411E1	9.985238880E2	-5.026200176E-1
2.442729443E1	9.987305586E2	-4.321586866E-1
2.444229474E1	9.989384189E2	-3.613211474E-1
2.445729505E1	9.989376338E2	-3.615886624E-1
2.447229536E1	9.991071837E2	-3.038288158E-1
2.448729568E1	9.992295267E2	-2.621629092E-1
2.450229599E1	9.993725170E2	-2.134781695E-1
2.451729630E1	1.000400170E3	1.360034197E-1
2.453229661E1	9.968450868E2	-1.076065396E0
2.454729693E1	1.000040635E3	1.381548519E-2
2.456229724E1	9.990147035E2	-3.353312270E-1
2.457729755E1	1.002301026E3	7.805526105E-1
2.459229786E1	9.994544499E2	-1.855882802E-1
2.460729818E1	9.996217671E2	-1.286478546E-1
2.462229849E1	9.998548869E2	-4.934562114E-2
2.463729880E1	9.998698485E2	-4.425725364E-2
2.465229911E1	9.998408620E2	-5.411553061E-2
2.466729943E1	1.000279941E3	9.515319397E-2
2.468229974E1	1.000191198E3	6.499500940E-2
2.469730005E1	1.000376231E3	1.278702798E-1
2.471230036E1	1.000038940E3	1.323915234E-2
2.472730068E1	1.000612051E3	2.079701138E-1
2.474230099E1	1.000419555E3	1.425890187E-1
2.475730130E1	1.000407135E3	1.383697282E-1
2.477230161E1	1.000214150E3	7.279557358E-2
2.478730193E1	1.000322099E3	1.094782418E-1
2.480230224E1	1.000247287E3	8.405673358E-2
2.481730255E1	1.000339965E3	1.155489027E-1
2.483230286E1	1.000059761E3	2.031736508E-2
2.484730318E1	1.000156751E3	5.328685422E-2
2.486230349E1	1.000030172E3	1.025829453E-2
2.487730380E1	9.999708455E2	-9.912811731E-3
2.489230411E1	9.997183366E2	-9.579255016E-2
2.490730443E1	9.995780802E2	-1.435132785E-1
2.492230474E1	9.995227905E2	-1.623287113E-1
2.493730505E1	9.993482339E2	-2.217450098E-1
2.495230536E1	9.990233569E2	-3.323832755E-1
2.496730568E1	9.990042050E2	-3.389077842E-1
2.498230599E1	9.990064743E2	-3.381346985E-1
2.499730630E1	9.990247408E2	-3.319118183E-1
2.501230661E1	9.993003145E2	-2.380596446E-1
2.502730693E1	9.993600858E2	-2.177101475E-1
2.504230724E1	9.994166135E2	-1.984671763E-1
2.506579771E1	9.994522036E2	-1.863528508E-1
2.508079803E1	9.993975464E2	-2.049576964E-1
2.509579834E1	9.993848562E2	-2.092776205E-1
2.511079865E1	9.992676786E2	-2.491717523E-1
2.512579896E1	9.992941575E2	-2.401559653E-1
2.514079928E1	9.991356992E2	-2.941164624E-1
2.515579959E1	9.985162485E2	-5.052251405E-1
2.517079990E1	9.991116024E2	-3.023237812E-1
2.518580021E1	1.003897389E3	1.319967944E0
2.520080053E1	9.980273550E2	-6.720249506E-1
2.521580084E1	1.003333760E3	1.129712216E0
2.523080115E1	1.000972194E3	3.302248598E-1
2.524580146E1	1.001020165E3	3.465026437E-1
2.526080178E1	9.994309831E2	-1.935758982E-1
2.527580209E1	1.000228514E3	7.767702387E-2
2.529080240E1	1.000770686E3	2.618315860E-1
2.530580271E1	1.001055605E3	3.585272344E-1
2.532080303E1	1.000918511E3	3.120070284E-1
2.533580334E1	1.001075748E3	3.653612348E-1
2.535080365E1	1.001032531E3	3.506985481E-1
2.536580396E1	1.000990684E3	3.364992835E-1
2.538080428E1	1.001086830E3	3.691209923E-1
2.539580459E1	1.001088974E3	3.698483032E-1
2.541080490E1	1.001061066E3	3.603800180E-1
2.542580521E1	1.001177536E3	3.998913703E-1
2.544080553E1	1.001075067E3	3.651301883E-1
2.545580584E1	1.001164649E3	3.955198625E-1
2.547080615E1	1.001146562E3	3.893845565E-1
2.548580646E1	1.001022814E3	3.474013125E-1
2.550080678E1	1.001019988E3	3.464425612E-1
2.551580709E1	1.001087770E3	3.694399288E-1
2.553080740E1	1.000970299E3	3.295817300E-1
2.554580771E1	1.000961506E3	3.265979563E-1
2.556080803E1	1.000858119E3	2.915103671E-1
2.557580834E1	1.000792277E3	2.691610400E-1
2.559080865E1	1.000868004E3	2.948655463E-1
2.560580896E1	1.000834897E3	2.836280163E-1
2.562080928E1	1.000748560E3	2.543199223E-1
2.563580959E1	1.000807126E3	2.742014222E-1
2.565080990E1	1.000747688E3	2.540239204E-1
2.566581021E1	1.000801042E3	2.721364477E-1
2.568081053E1	1.000847552E3	2.879236964E-1
2.569581084E1	1.000947832E3	3.219577925E-1
2.571081115E1	1.001201450E3	4.080027014E-1
2.572581146E1	1.001148680E3	3.901032016E-1
2.574081178E1	1.001286355E3	4.367988641E-1
2.576808679E1	1.001305868E3	4.434161273E-1
2.578308710E1	1.001189316E3	4.038870649E-1
2.579808741E1	1.001107815E3	3.762402580E-1
2.581308773E1	1.000681396E3	2.315168174E-1
2.582808804E1	1.000179709E3	6.109000682E-2
2.584308835E1	9.995932140E2	-1.383635274E-1
2.585808866E1	9.991793907E2	-2.792362951E-1
2.587308898E1	9.991111186E2	-3.024885432E-1
2.588808929E1	9.987819282E2	-4.146494920E-1
2.590308960E1	9.988522993E2	-3.906666194E-1
2.591808991E1	9.988787686E2	-3.816465870E-1
2.593309023E1	9.987028528E2	-4.416028668E-1
2.594809054E1	9.986662467E2	-4.540817615E-1
2.596309085E1	9.985840863E2	-4.820932496E-1
2.597809116E1	9.983706526E2	-5.548821958E-1
2.599309148E1	9.981654516E2	-6.248928462E-1
2.600809179E1	9.979610007E2	-6.946762207E-1
2.602309210E1	9.977987081E2	-7.500904176E-1
2.603809241E1	9.977921672E2	-7.523241589E-1
2.605309273E1	9.975913303E2	-8.209250183E-1
2.606809304E1	9.976287376E2	-8.081455544E-1
2.608309335E1	9.976160908E2	-8.124659854E-1
2.609809366E1	9.977462210E2	-7.680157984E-1
2.611309398E1	9.977170677E2	-7.779730391E-1
2.612809429E1	9.980657314E2	-6.589258733E-1
2.614309460E1	9.980574110E2	-6.617658061E-1
2.615809491E1	9.982258820E2	-6.042721612E-1
2.617309523E1	9.984582207E2	-5.250144176E-1
2.618809554E1	9.985886096E2	-4.805509813E-1
2.620309585E1	9.987081023E2	-4.398134025E-1
2.621809616E1	9.987730787E2	-4.176657003E-1
2.623309648E1	9.990584507E2	-3.204284691E-1
2.624809679E1	9.989826895E2	-3.462378171E-1
2.626309710E1	9.991163447E2	-3.007085186E-1
2.627809741E1	9.992316080E2	-2.614541660E-1
2.629309773E1	9.992422941E2	-2.578153445E-1
2.630809804E1	9.993905944E2	-2.073242463E-1
2.632309835E1	9.993538432E2	-2.198353482E-1
2.633809866E1	9.994287984E2	-1.943195372E-1
2.635309898E1	9.995204109E2	-1.631385407E-1
2.636809929E1	9.996265547E2	-1.270188217E-1
2.638309960E1	9.995155822E2	-1.647818707E-1
2.639809991E1	9.995863475E2	-1.407000650E-1
2.641310023E1	9.995508247E2	-1.527882339E-1
2.642810054E1	9.995647955E2	-1.480339610E-1
2.644310085E1	9.996085506E2	-1.331449292E-1
2.646728690E1	9.995584293E2	-1.502003720E-1
2.648228722E1	9.996546051E2	-1.174748468E-1
2.649728753E1	9.995905505E2	-1.392698658E-1
2.651228784E1	9.996093277E2	-1.328804892E-1
2.652728815E1	9.995331317E2	-1.588093614E-1
2.654228847E1	9.993478919E2	-2.218614173E-1
2.655728878E1	9.994024974E2	-2.032723551E-1
2.657228909E1	9.992177136E2	-2.661856074E-1
2.658728940E1	9.991126111E2	-3.019802048E-1
2.660228972E1	9.990578794E2	-3.206230733E-1
2.661729003E1	9.989328139E2	-3.632308941E-1
2.663229034E1	9.989224107E2	-3.667755818E-1
2.664729065E1	9.990070358E2	-3.379434027E-1
2.666229097E1	9.989156517E2	-3.690786234E-1
2.667729128E1	9.992160159E2	-2.667637381E-1
2.669229159E1	9.993899716E2	-2.075362581E-1
2.670729190E1	9.994642163E2	-1.822641164E-1
2.672229222E1	9.997840456E2	-7.344034211E-2
2.673729253E1	9.999033668E2	-3.285847843E-2
2.675229284E1	1.000130378E3	4.432265561E-2
2.676729315E1	9.999564900E2	-1.479405940E-2
2.678229347E1	9.999040312E2	-3.263253642E-2
2.679729378E1	9.999180559E2	-2.786328023E-2
2.681229409E1	9.999440816E2	-1.901333091E-2
2.682729440E1	1.000031327E3	1.065072039E-2
2.684229472E1	9.999686754E2	-1.065069791E-2
2.685729503E1	9.999327615E2	-2.286263031E-2
2.687229534E1	9.998314716E2	-5.730931209E-2
2.688729565E1	9.996868378E2	-1.065085106E-1
2.690229597E1	9.993297457E2	-2.280393076E-1
2.691729628E1	9.992485023E2	-2.557013781E-1
2.693229659E1	9.996956024E2	-1.035267100E-1
2.694729690E1	9.998397478E2	-5.449448534E-2
2.696229722E1	1.000243471E3	8.276002819E-2
2.697729753E1	1.000269120E3	9.147631899E-2
2.699229784E1	1.000554025E3	1.882642914E-1
2.700729815E1	1.000559730E3	1.902016693E-1
2.702229847E1	1.000825998E3	2.806076760E-1
2.703729878E1	1.000845427E3	2.872023207E-1
2.705229909E1	1.000750853E3	2.550985453E-1
2.706729940E1	1.000811588E3	2.757160328E-1
2.708229972E1	1.000663068E3	2.252936165E-1
2.709730003E1	1.000690438E3	2.345871125E-1
2.711230034E1	1.000773264E3	2.627066537E-1
2.712730065E1	1.000517712E3	1.759308350E-1
2.714230097E1	1.000697826E3	2.370955036E-1
2.716863102E1	1.000655971E3	2.228840035E-1
2.718363133E1	1.000919278E3	3.122674252E-1
2.719863164E1	1.001039086E3	3.529226152E-1
2.721363196E1	1.001090909E3	3.705047285E-1
2.722863227E1	1.001121079E3	3.807399196E-1
2.724363258E1	1.000992612E3	3.371533087E-1
2.725863289E1	1.000969330E3	3.292530269E-1
2.727363321E1	1.000987035E3	3.352611294E-1
2.728863352E1	1.000803655E3	2.730233971E-1
2.730363383E1	1.000643095E3	2.185117334E-1
2.731863414E1	1.000784353E3	2.664709835E-1
2.733363446E1	1.000586978E3	1.994554682E-1
2.734863477E1	1.000665565E3	2.261415899E-1
2.736363508E1	1.000766698E3	2.604777247E-1
2.737863539E1	1.000304664E3	1.035541703E-1
2.739363571E1	1.000544422E3	1.850028400E-1
2.740863602E1	1.000447926E3	1.522266009E-1
2.742363633E1	1.000218262E3	7.419292757E-2
2.743863664E1	1.000387154E3	1.315814164E-1
2.745363696E1	1.000313447E3	1.065386106E-1
2.746863727E1	1.000417844E3	1.420077605E-1
2.748363758E1	1.000608407E3	2.067327283E-1
2.749863789E1	1.000564555E3	1.918404208E-1
2.751363821E1	1.000561116E3	1.906724443E-1
2.752863852E1	1.000433778E3	1.474205665E-1
2.754363883E1	1.000301583E3	1.025072934E-1
2.755863914E1	1.000157575E3	5.356713024E-2
2.757363946E1	9.999668018E2	-1.128774893E-2
2.758863977E1	9.998491028E2	-5.131280765E-2
2.760364008E1	9.995491306E2	-1.533647460E-1
2.761864039E1	9.992490762E2	-2.555059743E-1
2.763364071E1	9.988718418E2	-3.840070099E-1
2.764864102E1	9.984735619E2	-5.197823543E-1
2.766364133E1	9.981626520E2	-6.258482141E-1
2.767864164E1	9.980309780E2	-6.707882669E-1
2.769364196E1	9.978927999E2	-7.179609047E-1
2.770864227E1	9.978440821E2	-7.345958063E-1
2.772364258E1	9.979860920E2	-6.861104953E-1
2.773864289E1	9.979053413E2	-7.136788787E-1
2.775364321E1	9.976693391E2	-7.942758796E-1
2.776864352E1	9.977152174E2	-7.786050300E-1
2.778364383E1	9.975409006E2	-8.381549097E-1
2.779864414E1	9.974860221E2	-8.569067136E-1
2.781364446E1	9.977437429E2	-7.688621484E-1
2.782864477E1	9.980074645E2	-6.788146199E-1
2.784364508E1	9.982036807E2	-6.118476371E-1
2.786408513E1	9.987063186E2	-4.404214570E-1
2.787908545E1	9.990199783E2	-3.335342618E-1
2.789408576E1	9.991633542E2	-2.846977637E-1
2.790908607E1	9.994455489E2	-1.886179668E-1
2.792408638E1	9.996788947E2	-1.092108634E-1
2.793908670E1	9.998352512E2	-5.602380530E-2
2.795408701E1	9.999495521E2	-1.715314525E-2
2.796908732E1	1.000005486E3	1.865306051E-3
2.798408763E1	1.000101365E3	3.446054597E-2
2.799908795E1	1.000230893E3	7.848560069E-2
2.801408826E1	1.000327439E3	1.112929121E-1
2.802908857E1	1.000432968E3	1.471453933E-1
2.804408888E1	1.000368856E3	1.253647774E-1
2.805908920E1	1.000500035E3	1.699268796E-1
2.807408951E1	1.000549870E3	1.868531841E-1
2.808908982E1	1.000520930E3	1.770240311E-1
2.810409013E1	1.000553333E3	1.880290595E-1
2.811909045E1	1.000629304E3	2.138286753E-1
2.813409076E1	1.000737761E3	2.506536807E-1
2.814909107E1	1.000782622E3	2.658835476E-1
2.816409138E1	1.000770205E3	2.616681684E-1
2.817909170E1	1.000831274E3	2.823984045E-1
2.819409201E1	1.000790454E3	2.685421485E-1
2.820909232E1	1.000794255E3	2.698322708E-1
2.822409263E1	1.000695441E3	2.362857857E-1
2.823909295E1	1.000564944E3	1.919726645E-1
2.825409326E1	1.000435281E3	1.479310270E-1
2.826909357E1	1.000312059E3	1.060671012E-1
2.828409388E1	1.000178057E3	6.052846223E-2
2.829909420E1	9.999735357E2	-8.998092184E-3
2.831409451E1	9.997662588E2	-7.949057170E-2
2.832909482E1	9.996093823E2	-1.328619096E-1
2.834409513E1	9.993472255E2	-2.220883005E-1
2.835909545E1	9.992736019E2	-2.471548732E-1
2.837409576E1	9.991826602E2	-2.781228438E-1
2.838909607E1	9.990400976E2	-3.266804032E-1
2.840409638E1	9.990294233E2	-3.303166790E-1
2.841909670E1	9.991292543E2	-2.963115519E-1
2.843409701E1	9.991810158E2	-2.786828677E-1
2.844909732E1	9.991129938E2	-3.018498452E-1
2.846409763E1	9.991889090E2	-2.759947908E-1
2.847909795E1	9.991640728E2	-2.844530171E-1
2.849409826E1	9.992523889E2	-2.543779349E-1
2.850909857E1	9.992896228E2	-2.416999428E-1
2.852409888E1	9.992892893E2	-2.418135106E-1
2.853909920E1	9.993470351E2	-2.221531262E-1
