"Time (s)"	"Recording (a.u.)"
0.000000000E0	-5.520798364E-2
2.083333333E-5	-5.365153966E-2
4.166666667E-5	-4.953154088E-2
6.250000000E-5	-4.568620869E-2
8.333333333E-5	-4.113895077E-2
1.041666667E-4	-3.454695273E-2
1.250000000E-4	-2.868739891E-2
1.458333333E-4	-2.148503067E-2
1.666666667E-4	-1.300088504E-2
1.875000000E-4	-6.256294443E-3
2.083333333E-4	2.166814173E-3
2.291666667E-4	1.004058962E-2
2.500000000E-4	1.791436506E-2
2.708333333E-4	2.484206671E-2
2.916666667E-4	3.155613880E-2
3.125000000E-4	3.851435896E-2
3.333333333E-4	4.409924619E-2
3.541666667E-4	4.846339305E-2
3.750000000E-4	5.200354015E-2
3.958333333E-4	5.536057619E-2
4.166666667E-4	5.597094638E-2
4.375000000E-4	5.792413099E-2
4.583333333E-4	5.780205695E-2
4.791666667E-4	5.697805719E-2
5.000000000E-4	5.529953917E-2
5.208333333E-4	5.301065096E-2
5.416666667E-4	4.886013367E-2
5.625000000E-4	4.589983825E-2
5.833333333E-4	3.994872890E-2
6.041666667E-4	3.515732292E-2
6.250000000E-4	2.835169530E-2
6.458333333E-4	2.020325327E-2
6.666666667E-4	1.382488479E-2
6.875000000E-4	4.669331950E-3
7.083333333E-4	-3.021332438E-3
7.291666667E-4	-1.049836726E-2
7.500000000E-4	-1.803643910E-2
7.708333333E-4	-2.563554796E-2
7.916666667E-4	-3.244117557E-2
8.125000000E-4	-3.885006256E-2
8.333333333E-4	-4.486220893E-2
8.541666667E-4	-4.947050386E-2
8.750000000E-4	-5.230872524E-2
8.958333333E-4	-5.575731681E-2
9.166666667E-4	-5.752739036E-2
9.375000000E-4	-5.832087161E-2
9.583333333E-4	-5.877864925E-2
9.791666667E-4	-5.728324229E-2
1.000000000E-3	-5.536057619E-2
1.020833333E-3	-5.282753990E-2
1.041666667E-3	-4.950102237E-2
1.062500000E-3	-4.510635701E-2
1.083333333E-3	-4.138309885E-2
1.104166667E-3	-3.521835994E-2
1.125000000E-3	-2.813806574E-2
1.145833333E-3	-2.029480880E-2
1.166666667E-3	-1.351969970E-2
1.187500000E-3	-4.608294931E-3
1.208333333E-3	2.044740135E-3
1.229166667E-3	9.979552599E-3
1.250000000E-3	1.788384655E-2
1.270833333E-3	2.511673330E-2
1.291666667E-3	3.323465682E-2
1.312500000E-3	3.936887722E-2
1.333333333E-3	4.449598682E-2
1.354166667E-3	4.925687429E-2
1.375000000E-3	5.337687307E-2
1.395833333E-3	5.514694662E-2
1.416666667E-3	5.710013123E-2
1.437500000E-3	5.841242714E-2
1.458333333E-3	5.865657521E-2
1.479166667E-3	5.706961272E-2
1.500000000E-3	5.520798364E-2
1.520833333E-3	5.267494736E-2
1.541666667E-3	4.937894833E-2
1.562500000E-3	4.614398633E-2
1.583333333E-3	4.095583972E-2
1.604166667E-3	3.534043397E-2
1.625000000E-3	2.887050996E-2
1.645833333E-3	2.200384533E-2
1.666666667E-3	1.361125523E-2
1.687500000E-3	5.981627857E-3
1.708333333E-3	-1.525925474E-3
1.729166667E-3	-9.704886013E-3
1.750000000E-3	-1.773125401E-2
1.770833333E-3	-2.539139988E-2
1.791666667E-3	-3.262428663E-2
1.812500000E-3	-3.924680319E-2
1.833333333E-3	-4.480117191E-2
1.854166667E-3	-4.980620746E-2
1.875000000E-3	-5.270546587E-2
1.895833333E-3	-5.490279855E-2
1.916666667E-3	-5.664235359E-2
1.937500000E-3	-5.780205695E-2
1.958333333E-3	-5.780205695E-2
1.979166667E-3	-5.636768700E-2
2.000000000E-3	-5.468916898E-2
2.020833333E-3	-5.197302164E-2
2.041666667E-3	-4.940946684E-2
2.062500000E-3	-4.483169042E-2
2.083333333E-3	-4.000976592E-2
2.104166667E-3	-3.503524888E-2
2.125000000E-3	-2.847376934E-2
2.145833333E-3	-2.081362346E-2
2.166666667E-3	-1.376384777E-2
2.187500000E-3	-5.401776177E-3
2.208333333E-3	2.258369701E-3
2.229166667E-3	9.918515580E-3
2.250000000E-3	1.788384655E-2
2.270833333E-3	2.575762200E-2
2.291666667E-3	3.241065706E-2
2.312500000E-3	3.933835871E-2
2.333333333E-3	4.492324595E-2
2.354166667E-3	4.956205939E-2
2.375000000E-3	5.322428053E-2
2.395833333E-3	5.502487259E-2
2.416666667E-3	5.740531632E-2
2.437500000E-3	5.835139012E-2
2.458333333E-3	5.850398267E-2
2.479166667E-3	5.722220527E-2
2.500000000E-3	5.471968749E-2
2.520833333E-3	5.224768822E-2
2.541666667E-3	4.980620746E-2
2.562500000E-3	4.507583850E-2
2.583333333E-3	4.074221015E-2
2.604166667E-3	3.518784143E-2
2.625000000E-3	2.911465804E-2
2.645833333E-3	2.182073428E-2
2.666666667E-3	1.425214393E-2
2.687500000E-3	6.134220405E-3
2.708333333E-3	-1.373332926E-3
2.729166667E-3	-9.002960295E-3
2.750000000E-3	-1.745658742E-2
2.770833333E-3	-2.429273354E-2
2.791666667E-3	-3.238013855E-2
2.812500000E-3	-3.912472915E-2
2.833333333E-3	-4.461806085E-2
2.854166667E-3	-4.916531877E-2
2.875000000E-3	-5.291909543E-2
2.895833333E-3	-5.508590960E-2
2.916666667E-3	-5.728324229E-2
2.937500000E-3	-5.761894589E-2
2.958333333E-3	-5.850398267E-2
2.979166667E-3	-5.642872402E-2
3.000000000E-3	-5.584887234E-2
3.020833333E-3	-5.276650288E-2
3.041666667E-3	-4.895168920E-2
3.062500000E-3	-4.605243080E-2
3.083333333E-3	-4.168828394E-2
3.104166667E-3	-3.552354503E-2
3.125000000E-3	-2.996917631E-2
3.145833333E-3	-2.230903043E-2
3.166666667E-3	-1.440473647E-2
3.187500000E-3	-6.958220161E-3
3.208333333E-3	1.586962493E-3
3.229166667E-3	9.063997314E-3
3.250000000E-3	1.721243934E-2
3.270833333E-3	2.447584460E-2
3.291666667E-3	3.210547197E-2
3.312500000E-3	3.805658132E-2
3.333333333E-3	4.440443129E-2
3.354166667E-3	4.870754112E-2
3.375000000E-3	5.261391034E-2
3.395833333E-3	5.511642811E-2
3.416666667E-3	5.670339061E-2
3.437500000E-3	5.752739036E-2
3.458333333E-3	5.786309397E-2
3.479166667E-3	5.777153844E-2
3.500000000E-3	5.468916898E-2
3.520833333E-3	5.291909543E-2
3.541666667E-3	5.069124424E-2
3.562500000E-3	4.623554186E-2
3.583333333E-3	4.187139500E-2
3.604166667E-3	3.631702628E-2
3.625000000E-3	3.003021332E-2
3.645833333E-3	2.240058596E-2
3.666666667E-3	1.492355113E-2
3.687500000E-3	7.110812708E-3
3.708333333E-3	-1.037629322E-3
3.729166667E-3	-8.362071596E-3
3.750000000E-3	-1.736503189E-2
3.770833333E-3	-2.365184484E-2
3.791666667E-3	-3.128147221E-2
3.812500000E-3	-3.817865535E-2
3.833333333E-3	-4.361095004E-2
3.854166667E-3	-4.821924497E-2
3.875000000E-3	-5.172887356E-2
3.895833333E-3	-5.417035432E-2
3.916666667E-3	-5.621509445E-2
3.937500000E-3	-5.728324229E-2
3.958333333E-3	-5.722220527E-2
3.979166667E-3	-5.670339061E-2
4.000000000E-3	-5.514694662E-2
4.020833333E-3	-5.185094760E-2
4.041666667E-3	-4.953154088E-2
4.062500000E-3	-4.589983825E-2
4.083333333E-3	-4.086428419E-2
4.104166667E-3	-3.592028565E-2
4.125000000E-3	-2.951139866E-2
4.145833333E-3	-2.188177129E-2
4.166666667E-3	-1.446577349E-2
4.187500000E-3	-5.890072329E-3
4.208333333E-3	1.495406964E-3
4.229166667E-3	8.880886258E-3
4.250000000E-3	1.693777276E-2
4.270833333E-3	2.407910398E-2
4.291666667E-3	3.173924986E-2
4.312500000E-3	3.750724815E-2
4.333333333E-3	4.345835749E-2
4.354166667E-3	4.956205939E-2
4.375000000E-3	5.151524400E-2
4.395833333E-3	5.337687307E-2
4.416666667E-3	5.584887234E-2
4.437500000E-3	5.667287210E-2
4.458333333E-3	5.706961272E-2
4.479166667E-3	5.594042787E-2
4.500000000E-3	5.459761345E-2
4.520833333E-3	5.188146611E-2
4.541666667E-3	4.879909665E-2
4.562500000E-3	4.501480148E-2
4.583333333E-3	4.016235847E-2
4.604166667E-3	3.448591571E-2
4.625000000E-3	2.883999145E-2
4.645833333E-3	2.090517899E-2
4.666666667E-3	1.361125523E-2
4.687500000E-3	6.042664876E-3
4.708333333E-3	-1.800592059E-3
4.729166667E-3	-9.949034089E-3
4.750000000E-3	-1.767021699E-2
4.770833333E-3	-2.502517777E-2
4.791666667E-3	-3.234962004E-2
4.812500000E-3	-3.878902554E-2
4.833333333E-3	-4.388561663E-2
4.854166667E-3	-4.773094882E-2
4.875000000E-3	-5.212561419E-2
4.895833333E-3	-5.471968749E-2
4.916666667E-3	-5.612353893E-2
4.937500000E-3	-5.725272378E-2
4.958333333E-3	-5.780205695E-2
4.979166667E-3	-5.572679830E-2
5.000000000E-3	-5.426190985E-2
5.020833333E-3	-5.102694784E-2
5.041666667E-3	-4.928739280E-2
5.062500000E-3	-4.608294931E-2
5.083333333E-3	-4.068117313E-2
5.104166667E-3	-3.518784143E-2
5.125000000E-3	-2.890102847E-2
5.145833333E-3	-2.157658620E-2
5.166666667E-3	-1.355021821E-2
5.187500000E-3	-5.676442763E-3
5.208333333E-3	1.159703360E-3
5.229166667E-3	8.941923276E-3
5.250000000E-3	1.715140233E-2
5.270833333E-3	2.529984436E-2
5.291666667E-3	3.225806452E-2
5.312500000E-3	3.833124790E-2
5.333333333E-3	4.419080172E-2
5.354166667E-3	4.916531877E-2
5.375000000E-3	5.178991058E-2
5.395833333E-3	5.429242836E-2
5.416666667E-3	5.639820551E-2
5.437500000E-3	5.844294565E-2
5.458333333E-3	5.771050142E-2
5.479166667E-3	5.600146489E-2
5.500000000E-3	5.523850215E-2
5.520833333E-3	5.288857692E-2
5.541666667E-3	4.892117069E-2
5.562500000E-3	4.586931974E-2
5.583333333E-3	4.104739525E-2
5.604166667E-3	3.622547075E-2
5.625000000E-3	2.926725059E-2
5.645833333E-3	2.246162297E-2
5.666666667E-3	1.431318094E-2
5.687500000E-3	6.836146123E-3
5.708333333E-3	-8.545182653E-4
5.729166667E-3	-9.216589862E-3
5.750000000E-3	-1.730399487E-2
5.770833333E-3	-2.435377056E-2
5.791666667E-3	-3.186132389E-2
5.812500000E-3	-3.897213660E-2
5.833333333E-3	-4.425183874E-2
5.854166667E-3	-4.861598560E-2
5.875000000E-3	-5.322428053E-2
5.895833333E-3	-5.548265023E-2
5.916666667E-3	-5.652027955E-2
5.937500000E-3	-5.801568651E-2
5.958333333E-3	-5.807672353E-2
5.979166667E-3	-5.764946440E-2
6.000000000E-3	-5.478072451E-2
6.020833333E-3	-5.322428053E-2
6.041666667E-3	-5.072176275E-2
6.062500000E-3	-4.629657888E-2
6.083333333E-3	-4.162724693E-2
6.104166667E-3	-3.622547075E-2
6.125000000E-3	-2.929776910E-2
6.145833333E-3	-2.282784509E-2
6.166666667E-3	-1.556443983E-2
6.187500000E-3	-6.591998047E-3
6.208333333E-3	4.882961516E-4
6.229166667E-3	9.125034333E-3
6.250000000E-3	1.678518021E-2
6.270833333E-3	2.475051119E-2
6.291666667E-3	3.228858303E-2
6.312500000E-3	3.811761834E-2
6.333333333E-3	4.391613514E-2
6.354166667E-3	4.882961516E-2
6.375000000E-3	5.188146611E-2
6.395833333E-3	5.563524277E-2
6.416666667E-3	5.630664998E-2
6.437500000E-3	5.816827906E-2
6.458333333E-3	5.844294565E-2
6.479166667E-3	5.713064974E-2
6.500000000E-3	5.536057619E-2
6.520833333E-3	5.288857692E-2
6.541666667E-3	5.059968871E-2
6.562500000E-3	4.611346782E-2
6.583333333E-3	4.153569140E-2
6.604166667E-3	3.573717460E-2
6.625000000E-3	2.993865780E-2
6.645833333E-3	2.273628956E-2
6.666666667E-3	1.455732902E-2
6.687500000E-3	7.141331217E-3
6.708333333E-3	-4.272591327E-4
6.729166667E-3	-8.911404767E-3
6.750000000E-3	-1.632740257E-2
6.770833333E-3	-2.514725181E-2
6.791666667E-3	-3.131199072E-2
6.812500000E-3	-3.875850703E-2
6.833333333E-3	-4.461806085E-2
6.854166667E-3	-4.858546709E-2
6.875000000E-3	-5.227820673E-2
6.895833333E-3	-5.453657643E-2
6.916666667E-3	-5.661183508E-2
6.937500000E-3	-5.774101993E-2
6.958333333E-3	-5.789361248E-2
6.979166667E-3	-5.713064974E-2
7.000000000E-3	-5.523850215E-2
7.020833333E-3	-5.294961394E-2
7.041666667E-3	-5.014191107E-2
7.062500000E-3	-4.544206061E-2
7.083333333E-3	-4.123050630E-2
7.104166667E-3	-3.689687796E-2
7.125000000E-3	-2.920621357E-2
7.145833333E-3	-2.200384533E-2
7.166666667E-3	-1.519821772E-2
7.187500000E-3	-6.653035066E-3
7.208333333E-3	4.882961516E-4
7.229166667E-3	8.331553087E-3
7.250000000E-3	1.638843959E-2
7.270833333E-3	2.386547441E-2
7.291666667E-3	3.186132389E-2
7.312500000E-3	3.787347026E-2
7.333333333E-3	4.379406110E-2
7.354166667E-3	4.760887478E-2
7.375000000E-3	5.200354015E-2
7.395833333E-3	5.410931730E-2
7.416666667E-3	5.578783532E-2
7.437500000E-3	5.786309397E-2
7.458333333E-3	5.728324229E-2
7.479166667E-3	5.758842738E-2
7.500000000E-3	5.398724326E-2
7.520833333E-3	5.175939207E-2
7.541666667E-3	4.971465194E-2
7.562500000E-3	4.513687551E-2
7.583333333E-3	4.077272866E-2
7.604166667E-3	3.558458205E-2
7.625000000E-3	2.883999145E-2
7.645833333E-3	2.243110446E-2
7.666666667E-3	1.379436628E-2
7.687500000E-3	5.737479781E-3
7.708333333E-3	-1.007110813E-3
7.729166667E-3	-8.728293710E-3
7.750000000E-3	-1.724295785E-2
7.770833333E-3	-2.499465926E-2
7.791666667E-3	-3.167821284E-2
7.812500000E-3	-3.827021088E-2
7.833333333E-3	-4.403820917E-2
7.854166667E-3	-4.910428175E-2
7.875000000E-3	-5.215613269E-2
7.895833333E-3	-5.417035432E-2
7.916666667E-3	-5.667287210E-2
7.937500000E-3	-5.862605670E-2
7.958333333E-3	-5.777153844E-2
7.979166667E-3	-5.682546464E-2
8.000000000E-3	-5.542161321E-2
8.020833333E-3	-5.291909543E-2
8.041666667E-3	-4.907376324E-2
8.062500000E-3	-4.611346782E-2
8.083333333E-3	-4.168828394E-2
8.104166667E-3	-3.530991546E-2
8.125000000E-3	-2.972502823E-2
8.145833333E-3	-2.233954894E-2
8.166666667E-3	-1.470992157E-2
8.187500000E-3	-7.293923765E-3
8.208333333E-3	1.068147832E-3
8.229166667E-3	8.209479049E-3
8.250000000E-3	1.638843959E-2
8.270833333E-3	2.383495590E-2
8.291666667E-3	3.057954649E-2
8.312500000E-3	3.759880367E-2
8.333333333E-3	4.297006134E-2
8.354166667E-3	4.751731925E-2
8.375000000E-3	5.200354015E-2
8.395833333E-3	5.423139134E-2
8.416666667E-3	5.621509445E-2
8.437500000E-3	5.749687185E-2
8.458333333E-3	5.764946440E-2
8.479166667E-3	5.691702017E-2
8.500000000E-3	5.432294687E-2
8.520833333E-3	5.291909543E-2
8.541666667E-3	4.986724448E-2
8.562500000E-3	4.516739402E-2
8.583333333E-3	4.132206183E-2
8.604166667E-3	3.573717460E-2
8.625000000E-3	2.963347270E-2
8.645833333E-3	2.212591937E-2
8.666666667E-3	1.455732902E-2
8.687500000E-3	6.500442518E-3
8.708333333E-3	-1.159703360E-3
8.729166667E-3	-9.247108371E-3
8.750000000E-3	-1.702932829E-2
8.770833333E-3	-2.520828883E-2
8.791666667E-3	-3.067110202E-2
8.812500000E-3	-3.814813684E-2
8.833333333E-3	-4.467909787E-2
8.854166667E-3	-4.867702261E-2
8.875000000E-3	-5.169835505E-2
8.895833333E-3	-5.508590960E-2
8.916666667E-3	-5.752739036E-2
8.937500000E-3	-5.819879757E-2
8.958333333E-3	-5.813776055E-2
8.979166667E-3	-5.771050142E-2
9.000000000E-3	-5.633716849E-2
9.020833333E-3	-5.322428053E-2
9.041666667E-3	-5.011139256E-2
9.062500000E-3	-4.623554186E-2
9.083333333E-3	-4.202398755E-2
9.104166667E-3	-3.656117435E-2
9.125000000E-3	-2.920621357E-2
9.145833333E-3	-2.252265999E-2
9.166666667E-3	-1.492355113E-2
9.187500000E-3	-6.347849971E-3
9.208333333E-3	1.129184851E-3
9.229166667E-3	9.186071352E-3
9.250000000E-3	1.654103214E-2
9.270833333E-3	2.453688162E-2
9.291666667E-3	3.125095370E-2
9.312500000E-3	3.717154454E-2
9.333333333E-3	4.452650533E-2
9.354166667E-3	4.815820795E-2
9.375000000E-3	5.172887356E-2
9.395833333E-3	5.484176153E-2
9.416666667E-3	5.630664998E-2
9.437500000E-3	5.786309397E-2
9.458333333E-3	5.713064974E-2
9.479166667E-3	5.716116825E-2
9.500000000E-3	5.523850215E-2
9.520833333E-3	5.270546587E-2
9.541666667E-3	5.041657765E-2
9.562500000E-3	4.626606037E-2
9.583333333E-3	4.144413587E-2
9.604166667E-3	3.613391522E-2
9.625000000E-3	2.975554674E-2
9.645833333E-3	2.197332682E-2
9.666666667E-3	1.443525498E-2
9.687500000E-3	6.622516556E-3
9.708333333E-3	-6.408886990E-4
9.729166667E-3	-9.552293466E-3
9.750000000E-3	-1.672414319E-2
9.770833333E-3	-2.414014100E-2
9.791666667E-3	-3.143406476E-2
9.812500000E-3	-3.738517411E-2
9.833333333E-3	-4.373302408E-2
9.854166667E-3	-4.766991180E-2
9.875000000E-3	-5.142368847E-2
9.895833333E-3	-5.435346538E-2
9.916666667E-3	-5.612353893E-2
9.937500000E-3	-5.734427931E-2
9.958333333E-3	-5.752739036E-2
9.979166667E-3	-5.655079806E-2
1.000000000E-2	-5.404828028E-2
1.002083333E-2	-5.273598437E-2
1.004166667E-2	-4.922635578E-2
1.006250000E-2	-4.535050508E-2
1.008333333E-2	-4.107791375E-2
1.010416667E-2	-3.546250801E-2
1.012500000E-2	-2.902310251E-2
1.014583333E-2	-2.221747490E-2
1.016666667E-2	-1.364177374E-2
1.018750000E-2	-6.164738914E-3
1.020833333E-2	1.129184851E-3
1.022916667E-2	9.125034333E-3
1.025000000E-2	1.733451338E-2
1.027083333E-2	2.447584460E-2
1.029166667E-2	3.140354625E-2
1.031250000E-2	3.750724815E-2
1.033333333E-2	4.385509812E-2
1.035416667E-2	4.876857814E-2
1.037500000E-2	5.136265145E-2
1.039583333E-2	5.447553941E-2
1.041666667E-2	5.688650166E-2
1.043750000E-2	5.807672353E-2
1.045833333E-2	5.767998291E-2
1.047916667E-2	5.752739036E-2
1.050000000E-2	5.597094638E-2
1.052083333E-2	5.313272500E-2
1.054166667E-2	4.943998535E-2
1.056250000E-2	4.593035676E-2
1.058333333E-2	4.171880245E-2
1.060416667E-2	3.540147099E-2
1.062500000E-2	3.015228736E-2
1.064583333E-2	2.252265999E-2
1.066666667E-2	1.483199561E-2
1.068750000E-2	6.591998047E-3
1.070833333E-2	-1.220740379E-3
1.072916667E-2	-8.758812220E-3
1.075000000E-2	-1.611377300E-2
1.077083333E-2	-2.414014100E-2
1.079166667E-2	-3.118991668E-2
1.081250000E-2	-3.781243324E-2
1.083333333E-2	-4.388561663E-2
1.085416667E-2	-4.840235603E-2
1.087500000E-2	-5.224768822E-2
1.089583333E-2	-5.420087283E-2
1.091666667E-2	-5.590990936E-2
1.093750000E-2	-5.719168676E-2
1.095833333E-2	-5.856501968E-2
1.097916667E-2	-5.719168676E-2
1.100000000E-2	-5.484176153E-2
1.102083333E-2	-5.301065096E-2
1.104166667E-2	-4.953154088E-2
1.106250000E-2	-4.498428297E-2
1.108333333E-2	-4.141361736E-2
1.110416667E-2	-3.561510056E-2
1.112500000E-2	-2.951139866E-2
1.114583333E-2	-2.279732658E-2
1.116666667E-2	-1.355021821E-2
1.118750000E-2	-6.103701895E-3
1.120833333E-2	1.373332926E-3
1.122916667E-2	9.582811975E-3
1.125000000E-2	1.681569872E-2
1.127083333E-2	2.392651143E-2
1.129166667E-2	3.170873135E-2
1.131250000E-2	3.811761834E-2
1.133333333E-2	4.382457961E-2
1.135416667E-2	4.901272622E-2
1.137500000E-2	5.224768822E-2
1.139583333E-2	5.420087283E-2
1.141666667E-2	5.700857570E-2
1.143750000E-2	5.883968627E-2
1.145833333E-2	5.792413099E-2
1.147916667E-2	5.740531632E-2
1.150000000E-2	5.679494613E-2
1.152083333E-2	5.313272500E-2
1.154166667E-2	5.069124424E-2
1.156250000E-2	4.602191229E-2
1.158333333E-2	4.232917264E-2
1.160416667E-2	3.595080416E-2
1.162500000E-2	2.917569506E-2
1.164583333E-2	2.200384533E-2
1.166666667E-2	1.480147710E-2
1.168750000E-2	7.507553331E-3
1.170833333E-2	-1.892147588E-3
1.172916667E-2	-8.362071596E-3
1.175000000E-2	-1.571703238E-2
1.177083333E-2	-2.407910398E-2
1.179166667E-2	-3.161717582E-2
1.181250000E-2	-3.732413709E-2
1.183333333E-2	-4.345835749E-2
1.185416667E-2	-4.882961516E-2
1.187500000E-2	-5.178991058E-2
1.189583333E-2	-5.493331706E-2
1.191666667E-2	-5.630664998E-2
1.193750000E-2	-5.771050142E-2
1.195833333E-2	-5.761894589E-2
1.197916667E-2	-5.670339061E-2
1.200000000E-2	-5.511642811E-2
1.202083333E-2	-5.294961394E-2
1.204166667E-2	-4.989776299E-2
1.206250000E-2	-4.565569018E-2
1.208333333E-2	-4.089480270E-2
1.210416667E-2	-3.521835994E-2
1.212500000E-2	-2.874843593E-2
1.214583333E-2	-2.194280831E-2
1.216666667E-2	-1.373332926E-2
1.218750000E-2	-6.683553575E-3
1.220833333E-2	8.850367748E-4
1.222916667E-2	9.155552843E-3
1.225000000E-2	1.599169897E-2
1.227083333E-2	2.453688162E-2
1.229166667E-2	3.143406476E-2
1.231250000E-2	3.781243324E-2
1.233333333E-2	4.409924619E-2
1.235416667E-2	4.815820795E-2
1.237500000E-2	5.243079928E-2
1.239583333E-2	5.468916898E-2
1.241666667E-2	5.545213172E-2
1.243750000E-2	5.728324229E-2
1.245833333E-2	5.670339061E-2
1.247916667E-2	5.734427931E-2
1.250000000E-2	5.511642811E-2
1.252083333E-2	5.224768822E-2
1.254166667E-2	4.953154088E-2
1.256250000E-2	4.525894955E-2
1.258333333E-2	4.034546953E-2
1.260416667E-2	3.424176763E-2
1.262500000E-2	2.911465804E-2
1.264583333E-2	2.127140110E-2
1.266666667E-2	1.419110691E-2
1.268750000E-2	6.073183386E-3
1.270833333E-2	-1.159703360E-3
1.272916667E-2	-9.308145390E-3
1.275000000E-2	-1.687673574E-2
1.277083333E-2	-2.429273354E-2
1.279166667E-2	-3.192236091E-2
1.281250000E-2	-3.817865535E-2
1.283333333E-2	-4.422132023E-2
1.285416667E-2	-4.925687429E-2
1.287500000E-2	-5.221716971E-2
1.289583333E-2	-5.478072451E-2
1.291666667E-2	-5.542161321E-2
1.293750000E-2	-5.685598315E-2
1.295833333E-2	-5.758842738E-2
1.297916667E-2	-5.578783532E-2
1.300000000E-2	-5.478072451E-2
1.302083333E-2	-5.240028077E-2
1.304166667E-2	-4.852443007E-2
1.306250000E-2	-4.580828272E-2
1.308333333E-2	-4.016235847E-2
1.310416667E-2	-3.500473037E-2
1.312500000E-2	-2.826013977E-2
1.314583333E-2	-2.218695639E-2
1.316666667E-2	-1.406903287E-2
1.318750000E-2	-5.890072329E-3
1.320833333E-2	1.281777398E-3
1.322916667E-2	8.819849239E-3
1.325000000E-2	1.724295785E-2
1.327083333E-2	2.484206671E-2
1.329166667E-2	3.222754601E-2
1.331250000E-2	3.909421064E-2
1.333333333E-2	4.391613514E-2
1.335416667E-2	4.968413343E-2
1.337500000E-2	5.206457717E-2
1.339583333E-2	5.438398389E-2
1.341666667E-2	5.652027955E-2
1.343750000E-2	5.789361248E-2
1.345833333E-2	5.758842738E-2
1.347916667E-2	5.743583483E-2
1.350000000E-2	5.545213172E-2
1.352083333E-2	5.337687307E-2
1.354166667E-2	4.950102237E-2
1.356250000E-2	4.583880123E-2
1.358333333E-2	4.181035798E-2
1.360416667E-2	3.592028565E-2
1.362500000E-2	2.917569506E-2
1.364583333E-2	2.252265999E-2
1.366666667E-2	1.528977325E-2
1.368750000E-2	6.714072085E-3
1.370833333E-2	-9.460737938E-4
1.372916667E-2	-8.484145634E-3
1.375000000E-2	-1.626636555E-2
1.377083333E-2	-2.423169652E-2
1.379166667E-2	-3.176976836E-2
1.381250000E-2	-3.817865535E-2
1.383333333E-2	-4.394665365E-2
1.385416667E-2	-4.846339305E-2
1.387500000E-2	-5.255287332E-2
1.389583333E-2	-5.465865047E-2
1.391666667E-2	-5.606250191E-2
1.393750000E-2	-5.771050142E-2
1.395833333E-2	-5.856501968E-2
1.397916667E-2	-5.737479781E-2
1.400000000E-2	-5.548265023E-2
1.402083333E-2	-5.346842860E-2
1.404166667E-2	-4.989776299E-2
1.406250000E-2	-4.644917142E-2
1.408333333E-2	-4.116946928E-2
1.410416667E-2	-3.598132267E-2
1.412500000E-2	-3.003021332E-2
1.414583333E-2	-2.261421552E-2
1.416666667E-2	-1.489303262E-2
1.418750000E-2	-7.202368236E-3
1.420833333E-2	6.714072085E-4
1.422916667E-2	7.660145878E-3
1.425000000E-2	1.678518021E-2
1.427083333E-2	2.429273354E-2
1.429166667E-2	3.125095370E-2
1.431250000E-2	3.808709983E-2
1.433333333E-2	4.406872768E-2
1.435416667E-2	4.828028199E-2
1.437500000E-2	5.200354015E-2
1.439583333E-2	5.481124302E-2
1.441666667E-2	5.664235359E-2
1.443750000E-2	5.795464949E-2
1.445833333E-2	5.923642689E-2
1.447916667E-2	5.679494613E-2
1.450000000E-2	5.536057619E-2
1.452083333E-2	5.407879879E-2
1.454166667E-2	5.059968871E-2
1.456250000E-2	4.632709738E-2
1.458333333E-2	4.232917264E-2
1.460416667E-2	3.665272988E-2
1.462500000E-2	2.960295419E-2
1.464583333E-2	2.218695639E-2
1.466666667E-2	1.507614368E-2
1.468750000E-2	7.324442274E-3
1.470833333E-2	9.155552843E-5
1.472916667E-2	-7.904293954E-3
1.475000000E-2	-1.614429151E-2
1.477083333E-2	-2.337717826E-2
1.479166667E-2	-3.112887967E-2
1.481250000E-2	-3.817865535E-2
1.483333333E-2	-4.345835749E-2
1.485416667E-2	-4.745628224E-2
1.487500000E-2	-5.212561419E-2
1.489583333E-2	-5.417035432E-2
1.491666667E-2	-5.670339061E-2
1.493750000E-2	-5.801568651E-2
1.495833333E-2	-5.832087161E-2
1.497916667E-2	-5.719168676E-2
1.500000000E-2	-5.658131657E-2
1.502083333E-2	-5.322428053E-2
1.504166667E-2	-4.983672597E-2
1.506250000E-2	-4.605243080E-2
1.508333333E-2	-4.245124668E-2
1.510416667E-2	-3.592028565E-2
1.512500000E-2	-2.893154698E-2
1.514583333E-2	-2.261421552E-2
1.516666667E-2	-1.593066195E-2
1.518750000E-2	-6.927701651E-3
1.520833333E-2	3.051850948E-4
1.522916667E-2	8.392590106E-3
1.525000000E-2	1.580858791E-2
1.527083333E-2	2.398754845E-2
1.529166667E-2	3.100680563E-2
1.531250000E-2	3.836176641E-2
1.533333333E-2	4.388561663E-2
1.535416667E-2	4.818872646E-2
1.537500000E-2	5.166783654E-2
1.539583333E-2	5.462813196E-2
1.541666667E-2	5.645924253E-2
1.543750000E-2	5.767998291E-2
1.545833333E-2	5.871761223E-2
1.547916667E-2	5.780205695E-2
1.550000000E-2	5.606250191E-2
1.552083333E-2	5.374309519E-2
1.554166667E-2	5.069124424E-2
1.556250000E-2	4.608294931E-2
1.558333333E-2	4.190191351E-2
1.560416667E-2	3.582873012E-2
1.562500000E-2	2.926725059E-2
1.564583333E-2	2.264473403E-2
1.566666667E-2	1.474044008E-2
1.568750000E-2	6.958220161E-3
1.570833333E-2	-6.408886990E-4
1.572916667E-2	-8.148442030E-3
1.575000000E-2	-1.632740257E-2
1.577083333E-2	-2.420117801E-2
1.579166667E-2	-3.146458327E-2
1.581250000E-2	-3.769035920E-2
1.583333333E-2	-4.364146855E-2
1.585416667E-2	-4.815820795E-2
1.587500000E-2	-5.255287332E-2
1.589583333E-2	-5.462813196E-2
1.591666667E-2	-5.664235359E-2
1.593750000E-2	-5.825983459E-2
1.595833333E-2	-5.832087161E-2
1.597916667E-2	-5.755790887E-2
1.600000000E-2	-5.609302042E-2
1.602083333E-2	-5.346842860E-2
1.604166667E-2	-5.066072573E-2
1.606250000E-2	-4.644917142E-2
1.608333333E-2	-4.113895077E-2
1.610416667E-2	-3.616443373E-2
1.612500000E-2	-2.874843593E-2
1.614583333E-2	-2.154606769E-2
1.616666667E-2	-1.443525498E-2
1.618750000E-2	-7.629627369E-3
1.620833333E-2	1.403851436E-3
1.622916667E-2	9.247108371E-3
1.625000000E-2	1.623584704E-2
1.627083333E-2	2.462843715E-2
1.629166667E-2	3.173924986E-2
1.631250000E-2	3.869747002E-2
1.633333333E-2	4.416028321E-2
1.635416667E-2	4.821924497E-2
1.637500000E-2	5.267494736E-2
1.639583333E-2	5.517746513E-2
1.641666667E-2	5.661183508E-2
1.643750000E-2	5.780205695E-2
1.645833333E-2	5.859553819E-2
1.647916667E-2	5.777153844E-2
1.650000000E-2	5.603198340E-2
1.652083333E-2	5.282753990E-2
1.654166667E-2	4.998931852E-2
1.656250000E-2	4.623554186E-2
1.658333333E-2	4.098635823E-2
1.660416667E-2	3.521835994E-2
1.662500000E-2	2.850428785E-2
1.664583333E-2	2.224799341E-2
1.666666667E-2	1.406903287E-2
1.668750000E-2	5.890072329E-3
1.670833333E-2	-1.464888455E-3
1.672916667E-2	-9.155552843E-3
1.675000000E-2	-1.702932829E-2
1.677083333E-2	-2.493362224E-2
1.679166667E-2	-3.222754601E-2
1.681250000E-2	-3.866695151E-2
1.683333333E-2	-4.510635701E-2
1.685416667E-2	-4.974517045E-2
1.687500000E-2	-5.258339183E-2
1.689583333E-2	-5.478072451E-2
1.691666667E-2	-5.710013123E-2
1.693750000E-2	-5.853450117E-2
1.695833333E-2	-5.774101993E-2
1.697916667E-2	-5.764946440E-2
1.700000000E-2	-5.655079806E-2
1.702083333E-2	-5.355998413E-2
1.704166667E-2	-4.965361492E-2
1.706250000E-2	-4.602191229E-2
1.708333333E-2	-4.193243202E-2
1.710416667E-2	-3.561510056E-2
1.712500000E-2	-2.893154698E-2
1.714583333E-2	-2.294991913E-2
1.716666667E-2	-1.400799585E-2
1.718750000E-2	-6.622516556E-3
1.720833333E-2	1.129184851E-3
1.722916667E-2	8.789330729E-3
1.725000000E-2	1.675466170E-2
1.727083333E-2	2.450636311E-2
1.729166667E-2	3.183080538E-2
1.731250000E-2	3.872798853E-2
1.733333333E-2	4.412976470E-2
1.735416667E-2	4.882961516E-2
1.737500000E-2	5.252235481E-2
1.739583333E-2	5.395672475E-2
1.741666667E-2	5.655079806E-2
1.743750000E-2	5.758842738E-2
1.745833333E-2	5.783257546E-2
1.747916667E-2	5.749687185E-2
1.750000000E-2	5.587939085E-2
1.752083333E-2	5.322428053E-2
1.754166667E-2	4.956205939E-2
1.756250000E-2	4.596087527E-2
1.758333333E-2	4.168828394E-2
1.760416667E-2	3.564561907E-2
1.762500000E-2	2.877895444E-2
1.764583333E-2	2.215643788E-2
1.766666667E-2	1.425214393E-2
1.768750000E-2	6.164738914E-3
1.770833333E-2	-1.495406964E-3
1.772916667E-2	-9.155552843E-3
1.775000000E-2	-1.675466170E-2
1.777083333E-2	-2.453688162E-2
1.779166667E-2	-3.189184240E-2
1.781250000E-2	-3.854487747E-2
1.783333333E-2	-4.422132023E-2
1.785416667E-2	-4.806665242E-2
1.787500000E-2	-5.197302164E-2
1.789583333E-2	-5.465865047E-2
1.791666667E-2	-5.563524277E-2
1.793750000E-2	-5.713064974E-2
1.795833333E-2	-5.819879757E-2
1.797916667E-2	-5.734427931E-2
1.800000000E-2	-5.542161321E-2
1.802083333E-2	-5.240028077E-2
1.804166667E-2	-5.041657765E-2
1.806250000E-2	-4.669331950E-2
1.808333333E-2	-4.159672842E-2
1.810416667E-2	-3.610339671E-2
1.812500000E-2	-3.030487991E-2
1.814583333E-2	-2.282784509E-2
1.816666667E-2	-1.428266243E-2
1.818750000E-2	-6.256294443E-3
1.820833333E-2	3.967406232E-4
1.822916667E-2	8.667256691E-3
1.825000000E-2	1.635792108E-2
1.827083333E-2	2.410962249E-2
1.829166667E-2	3.082369457E-2
1.831250000E-2	3.817865535E-2
1.833333333E-2	4.388561663E-2
1.835416667E-2	4.858546709E-2
1.837500000E-2	5.136265145E-2
1.839583333E-2	5.352946562E-2
1.841666667E-2	5.609302042E-2
1.843750000E-2	5.667287210E-2
1.845833333E-2	5.639820551E-2
1.847916667E-2	5.719168676E-2
1.850000000E-2	5.517746513E-2
1.852083333E-2	5.301065096E-2
1.854166667E-2	4.937894833E-2
1.856250000E-2	4.602191229E-2
1.858333333E-2	4.107791375E-2
1.860416667E-2	3.656117435E-2
1.862500000E-2	2.883999145E-2
1.864583333E-2	2.197332682E-2
1.866666667E-2	1.516769921E-2
1.868750000E-2	6.653035066E-3
1.870833333E-2	-1.983703116E-3
1.872916667E-2	-8.301034577E-3
1.875000000E-2	-1.727347636E-2
1.877083333E-2	-2.441480758E-2
1.879166667E-2	-3.207495346E-2
1.881250000E-2	-3.793450728E-2
1.883333333E-2	-4.428235725E-2
1.885416667E-2	-4.892117069E-2
1.887500000E-2	-5.233924375E-2
1.889583333E-2	-5.459761345E-2
1.891666667E-2	-5.606250191E-2
1.893750000E-2	-5.731376080E-2
1.895833333E-2	-5.822931608E-2
1.897916667E-2	-5.636768700E-2
1.900000000E-2	-5.545213172E-2
1.902083333E-2	-5.355998413E-2
1.904166667E-2	-5.035554064E-2
1.906250000E-2	-4.574724570E-2
1.908333333E-2	-4.208502457E-2
1.910416667E-2	-3.625598926E-2
1.912500000E-2	-2.935880612E-2
1.914583333E-2	-2.224799341E-2
1.916666667E-2	-1.489303262E-2
1.918750000E-2	-7.538071841E-3
1.920833333E-2	9.460737938E-4
1.922916667E-2	8.209479049E-3
1.925000000E-2	1.666310617E-2
1.927083333E-2	2.365184484E-2
1.929166667E-2	3.207495346E-2
1.931250000E-2	3.857539598E-2
1.933333333E-2	4.397717215E-2
1.935416667E-2	4.882961516E-2
1.937500000E-2	5.191198462E-2
1.939583333E-2	5.453657643E-2
1.941666667E-2	5.551316874E-2
1.943750000E-2	5.737479781E-2
1.945833333E-2	5.810724204E-2
1.947916667E-2	5.642872402E-2
1.950000000E-2	5.505539109E-2
1.952083333E-2	5.282753990E-2
1.954166667E-2	4.959257790E-2
1.956250000E-2	4.654072695E-2
1.958333333E-2	4.138309885E-2
1.960416667E-2	3.564561907E-2
1.962500000E-2	2.926725059E-2
1.964583333E-2	2.264473403E-2
1.966666667E-2	1.385540330E-2
1.968750000E-2	6.683553575E-3
1.970833333E-2	-1.251258889E-3
1.972916667E-2	-8.423108615E-3
1.975000000E-2	-1.614429151E-2
1.977083333E-2	-2.481154820E-2
1.979166667E-2	-3.183080538E-2
1.981250000E-2	-3.839228492E-2
1.983333333E-2	-4.428235725E-2
1.985416667E-2	-4.919583728E-2
1.987500000E-2	-5.194250313E-2
1.989583333E-2	-5.493331706E-2
1.991666667E-2	-5.624561296E-2
1.993750000E-2	-5.713064974E-2
1.995833333E-2	-5.813776055E-2
1.997916667E-2	-5.740531632E-2
2.000000000E-2	-5.481124302E-2
2.002083333E-2	-5.264442885E-2
2.004166667E-2	-5.017242958E-2
2.006250000E-2	-4.623554186E-2
2.008333333E-2	-4.071169164E-2
2.010416667E-2	-3.607287820E-2
2.012500000E-2	-2.938932463E-2
2.014583333E-2	-2.221747490E-2
2.016666667E-2	-1.495406964E-2
2.018750000E-2	-7.354960784E-3
2.020833333E-2	1.068147832E-3
2.022916667E-2	8.239997559E-3
2.025000000E-2	1.660206915E-2
2.027083333E-2	2.444532609E-2
2.029166667E-2	3.167821284E-2
2.031250000E-2	3.857539598E-2
2.033333333E-2	4.412976470E-2
2.035416667E-2	4.864650410E-2
2.037500000E-2	5.246131779E-2
2.039583333E-2	5.459761345E-2
2.041666667E-2	5.636768700E-2
2.043750000E-2	5.752739036E-2
2.045833333E-2	5.853450117E-2
2.047916667E-2	5.609302042E-2
2.050000000E-2	5.456709494E-2
2.052083333E-2	5.285805841E-2
2.054166667E-2	4.876857814E-2
2.056250000E-2	4.510635701E-2
2.058333333E-2	4.162724693E-2
2.060416667E-2	3.540147099E-2
2.062500000E-2	2.935880612E-2
2.064583333E-2	2.270577105E-2
2.066666667E-2	1.416058840E-2
2.068750000E-2	6.408886990E-3
2.070833333E-2	-1.251258889E-3
2.072916667E-2	-9.094515824E-3
2.075000000E-2	-1.705984680E-2
2.077083333E-2	-2.462843715E-2
2.079166667E-2	-3.140354625E-2
2.081250000E-2	-3.881954405E-2
2.083333333E-2	-4.458754234E-2
2.085416667E-2	-4.809717093E-2
2.087500000E-2	-5.224768822E-2
2.089583333E-2	-5.417035432E-2
2.091666667E-2	-5.676442763E-2
2.093750000E-2	-5.746635334E-2
2.095833333E-2	-5.832087161E-2
2.097916667E-2	-5.670339061E-2
2.100000000E-2	-5.529953917E-2
2.102083333E-2	-5.316324351E-2
2.104166667E-2	-4.925687429E-2
2.106250000E-2	-4.638813440E-2
2.108333333E-2	-4.132206183E-2
2.110416667E-2	-3.616443373E-2
2.112500000E-2	-3.051850948E-2
2.114583333E-2	-2.182073428E-2
2.116666667E-2	-1.510666219E-2
2.118750000E-2	-6.714072085E-3
2.120833333E-2	1.220740379E-3
2.122916667E-2	8.850367748E-3
2.125000000E-2	1.690725425E-2
2.127083333E-2	2.465895566E-2
2.129166667E-2	3.109836116E-2
2.131250000E-2	3.827021088E-2
2.133333333E-2	4.327524644E-2
2.135416667E-2	4.870754112E-2
2.137500000E-2	5.178991058E-2
2.139583333E-2	5.493331706E-2
2.141666667E-2	5.697805719E-2
2.143750000E-2	5.685598315E-2
2.145833333E-2	5.789361248E-2
2.147916667E-2	5.737479781E-2
2.150000000E-2	5.468916898E-2
2.152083333E-2	5.325479904E-2
2.154166667E-2	5.038605914E-2
2.156250000E-2	4.654072695E-2
2.158333333E-2	4.223761711E-2
2.160416667E-2	3.613391522E-2
2.162500000E-2	2.932828761E-2
2.164583333E-2	2.291940062E-2
2.166666667E-2	1.495406964E-2
2.168750000E-2	7.324442274E-3
2.170833333E-2	-1.037629322E-3
2.172916667E-2	-8.941923276E-3
2.175000000E-2	-1.647999512E-2
2.177083333E-2	-2.453688162E-2
2.179166667E-2	-3.198339793E-2
2.181250000E-2	-3.778191473E-2
2.183333333E-2	-4.373302408E-2
2.185416667E-2	-4.828028199E-2
2.187500000E-2	-5.267494736E-2
2.189583333E-2	-5.478072451E-2
2.191666667E-2	-5.688650166E-2
2.193750000E-2	-5.859553819E-2
2.195833333E-2	-5.865657521E-2
2.197916667E-2	-5.685598315E-2
2.200000000E-2	-5.661183508E-2
2.202083333E-2	-5.417035432E-2
2.204166667E-2	-5.148472549E-2
2.206250000E-2	-4.699850459E-2
2.208333333E-2	-4.287850581E-2
2.210416667E-2	-3.692739647E-2
2.212500000E-2	-3.045747246E-2
2.214583333E-2	-2.249214148E-2
2.216666667E-2	-1.525925474E-2
2.218750000E-2	-7.354960784E-3
2.220833333E-2	5.493331706E-4
2.222916667E-2	8.606219672E-3
2.225000000E-2	1.702932829E-2
2.227083333E-2	2.481154820E-2
2.229166667E-2	3.161717582E-2
2.231250000E-2	3.820917386E-2
2.233333333E-2	4.406872768E-2
2.235416667E-2	4.892117069E-2
2.237500000E-2	5.191198462E-2
2.239583333E-2	5.554368725E-2
2.241666667E-2	5.755790887E-2
2.243750000E-2	5.832087161E-2
2.245833333E-2	5.926694540E-2
2.247916667E-2	5.725272378E-2
2.250000000E-2	5.630664998E-2
2.252083333E-2	5.435346538E-2
2.254166667E-2	5.075228126E-2
2.256250000E-2	4.736472671E-2
2.258333333E-2	4.266487625E-2
2.260416667E-2	3.695791498E-2
2.262500000E-2	2.996917631E-2
2.264583333E-2	2.298043764E-2
2.266666667E-2	1.513718070E-2
2.268750000E-2	6.836146123E-3
2.270833333E-2	-6.714072085E-4
2.272916667E-2	-8.270516068E-3
2.275000000E-2	-1.608325449E-2
2.277083333E-2	-2.392651143E-2
2.279166667E-2	-3.143406476E-2
2.281250000E-2	-3.726310007E-2
2.283333333E-2	-4.394665365E-2
2.285416667E-2	-4.834131901E-2
2.287500000E-2	-5.218665120E-2
2.289583333E-2	-5.490279855E-2
2.291666667E-2	-5.630664998E-2
2.293750000E-2	-5.868709372E-2
2.295833333E-2	-5.874813074E-2
2.297916667E-2	-5.789361248E-2
2.300000000E-2	-5.609302042E-2
2.302083333E-2	-5.395672475E-2
2.304166667E-2	-5.075228126E-2
2.306250000E-2	-4.602191229E-2
2.308333333E-2	-4.248176519E-2
2.310416667E-2	-3.643910031E-2
2.312500000E-2	-3.015228736E-2
2.314583333E-2	-2.298043764E-2
2.316666667E-2	-1.516769921E-2
2.318750000E-2	-7.934812464E-3
2.320833333E-2	1.190221870E-3
2.322916667E-2	7.995849483E-3
2.325000000E-2	1.568651387E-2
2.327083333E-2	2.371288186E-2
2.329166667E-2	3.054902799E-2
2.331250000E-2	3.796502579E-2
2.333333333E-2	4.336680197E-2
2.335416667E-2	4.779198584E-2
2.337500000E-2	5.178991058E-2
2.339583333E-2	5.426190985E-2
2.341666667E-2	5.606250191E-2
2.343750000E-2	5.719168676E-2
2.345833333E-2	5.822931608E-2
2.347916667E-2	5.673390912E-2
2.350000000E-2	5.539109470E-2
2.352083333E-2	5.307168798E-2
2.354166667E-2	4.995880001E-2
2.356250000E-2	4.559465316E-2
2.358333333E-2	4.086428419E-2
2.360416667E-2	3.527939695E-2
2.362500000E-2	2.853480636E-2
2.364583333E-2	2.255317850E-2
2.366666667E-2	1.416058840E-2
2.368750000E-2	6.500442518E-3
2.370833333E-2	-1.220740379E-3
2.372916667E-2	-8.239997559E-3
2.375000000E-2	-1.712088382E-2
2.377083333E-2	-2.475051119E-2
2.379166667E-2	-3.088473159E-2
2.381250000E-2	-3.811761834E-2
2.383333333E-2	-4.364146855E-2
2.385416667E-2	-4.861598560E-2
2.387500000E-2	-5.288857692E-2
2.389583333E-2	-5.481124302E-2
2.391666667E-2	-5.719168676E-2
2.393750000E-2	-5.783257546E-2
2.395833333E-2	-5.865657521E-2
2.397916667E-2	-5.688650166E-2
2.400000000E-2	-5.539109470E-2
2.402083333E-2	-5.313272500E-2
2.404166667E-2	-4.919583728E-2
2.406250000E-2	-4.568620869E-2
2.408333333E-2	-4.080324717E-2
2.410416667E-2	-3.558458205E-2
2.412500000E-2	-2.911465804E-2
2.414583333E-2	-2.188177129E-2
2.416666667E-2	-1.501510666E-2
2.418750000E-2	-6.317331462E-3
2.420833333E-2	1.525925474E-3
2.422916667E-2	9.308145390E-3
2.425000000E-2	1.705984680E-2
2.427083333E-2	2.447584460E-2
2.429166667E-2	3.198339793E-2
2.431250000E-2	3.857539598E-2
2.433333333E-2	4.397717215E-2
2.435416667E-2	4.886013367E-2
2.437500000E-2	5.276650288E-2
2.439583333E-2	5.502487259E-2
2.441666667E-2	5.697805719E-2
2.443750000E-2	5.819879757E-2
2.445833333E-2	5.813776055E-2
2.447916667E-2	5.767998291E-2
2.450000000E-2	5.581835383E-2
2.452083333E-2	5.313272500E-2
2.454166667E-2	5.050813318E-2
2.456250000E-2	4.654072695E-2
2.458333333E-2	4.193243202E-2
2.460416667E-2	3.573717460E-2
2.462500000E-2	2.920621357E-2
2.464583333E-2	2.237006745E-2
2.466666667E-2	1.483199561E-2
2.468750000E-2	6.927701651E-3
2.470833333E-2	-1.556443983E-3
2.472916667E-2	-7.965330973E-3
2.475000000E-2	-1.690725425E-2
2.477083333E-2	-2.462843715E-2
2.479166667E-2	-3.225806452E-2
2.481250000E-2	-3.827021088E-2
2.483333333E-2	-4.403820917E-2
2.485416667E-2	-4.867702261E-2
2.487500000E-2	-5.313272500E-2
2.489583333E-2	-5.514694662E-2
2.491666667E-2	-5.710013123E-2
2.493750000E-2	-5.850398267E-2
2.495833333E-2	-5.874813074E-2
2.497916667E-2	-5.740531632E-2
2.500000000E-2	-5.569627979E-2
2.502083333E-2	-5.307168798E-2
2.504166667E-2	-5.041657765E-2
2.506250000E-2	-4.666280099E-2
2.508333333E-2	-4.138309885E-2
2.510416667E-2	-3.598132267E-2
2.512500000E-2	-2.920621357E-2
2.514583333E-2	-2.261421552E-2
2.516666667E-2	-1.480147710E-2
2.518750000E-2	-6.622516556E-3
2.520833333E-2	2.136295663E-4
2.522916667E-2	9.399700919E-3
2.525000000E-2	1.687673574E-2
2.527083333E-2	2.420117801E-2
2.529166667E-2	3.167821284E-2
2.531250000E-2	3.854487747E-2
2.533333333E-2	4.376354259E-2
2.535416667E-2	4.934842982E-2
2.537500000E-2	5.218665120E-2
2.539583333E-2	5.536057619E-2
2.541666667E-2	5.694753868E-2
2.543750000E-2	5.764946440E-2
2.545833333E-2	5.792413099E-2
2.547916667E-2	5.798516800E-2
2.550000000E-2	5.569627979E-2
2.552083333E-2	5.383465072E-2
2.554166667E-2	5.050813318E-2
2.556250000E-2	4.724265267E-2
2.558333333E-2	4.165776543E-2
2.560416667E-2	3.598132267E-2
2.562500000E-2	2.990813929E-2
2.564583333E-2	2.276680807E-2
2.566666667E-2	1.538132878E-2
2.568750000E-2	7.080294198E-3
2.570833333E-2	-8.545182653E-4
2.572916667E-2	-7.873775445E-3
2.575000000E-2	-1.641895810E-2
2.577083333E-2	-2.368236335E-2
2.579166667E-2	-3.048799097E-2
2.581250000E-2	-3.744621113E-2
2.583333333E-2	-4.284798730E-2
2.585416667E-2	-4.809717093E-2
2.587500000E-2	-5.175939207E-2
2.589583333E-2	-5.392620624E-2
2.591666667E-2	-5.624561296E-2
2.593750000E-2	-5.743583483E-2
2.595833333E-2	-5.804620502E-2
2.597916667E-2	-5.710013123E-2
2.600000000E-2	-5.484176153E-2
2.602083333E-2	-5.304116947E-2
2.604166667E-2	-4.925687429E-2
2.606250000E-2	-4.547257912E-2
2.608333333E-2	-4.126102481E-2
2.610416667E-2	-3.512680441E-2
2.612500000E-2	-2.896206549E-2
2.614583333E-2	-2.200384533E-2
2.616666667E-2	-1.355021821E-2
2.618750000E-2	-6.195257424E-3
2.620833333E-2	1.403851436E-3
2.622916667E-2	9.216589862E-3
2.625000000E-2	1.657155065E-2
2.627083333E-2	2.417065950E-2
2.629166667E-2	3.128147221E-2
2.631250000E-2	3.900265511E-2
2.633333333E-2	4.388561663E-2
2.635416667E-2	4.855494858E-2
2.637500000E-2	5.212561419E-2
2.639583333E-2	5.514694662E-2
2.641666667E-2	5.652027955E-2
2.643750000E-2	5.706961272E-2
2.645833333E-2	5.887020478E-2
2.647916667E-2	5.783257546E-2
2.650000000E-2	5.600146489E-2
2.652083333E-2	5.301065096E-2
2.654166667E-2	5.038605914E-2
2.656250000E-2	4.657124546E-2
2.658333333E-2	4.113895077E-2
2.660416667E-2	3.601184118E-2
2.662500000E-2	2.938932463E-2
2.664583333E-2	2.209540086E-2
2.666666667E-2	1.428266243E-2
2.668750000E-2	5.890072329E-3
2.670833333E-2	-1.037629322E-3
2.672916667E-2	-8.880886258E-3
2.675000000E-2	-1.626636555E-2
2.677083333E-2	-2.401806696E-2
2.679166667E-2	-3.106784265E-2
2.681250000E-2	-3.775139622E-2
2.683333333E-2	-4.364146855E-2
2.685416667E-2	-4.834131901E-2
2.687500000E-2	-5.209509568E-2
2.689583333E-2	-5.426190985E-2
2.691666667E-2	-5.569627979E-2
2.693750000E-2	-5.777153844E-2
2.695833333E-2	-5.764946440E-2
2.697916667E-2	-5.749687185E-2
2.700000000E-2	-5.572679830E-2
2.702083333E-2	-5.319376202E-2
2.704166667E-2	-5.047761467E-2
2.706250000E-2	-4.605243080E-2
2.708333333E-2	-4.138309885E-2
2.710416667E-2	-3.521835994E-2
2.712500000E-2	-2.984710227E-2
2.714583333E-2	-2.185125278E-2
2.716666667E-2	-1.416058840E-2
2.718750000E-2	-6.408886990E-3
2.720833333E-2	1.251258889E-3
2.722916667E-2	9.338663900E-3
2.725000000E-2	1.614429151E-2
2.727083333E-2	2.410962249E-2
2.729166667E-2	3.170873135E-2
2.731250000E-2	3.823969237E-2
2.733333333E-2	4.367198706E-2
2.735416667E-2	4.895168920E-2
2.737500000E-2	5.203405866E-2
2.739583333E-2	5.426190985E-2
2.741666667E-2	5.655079806E-2
2.743750000E-2	5.758842738E-2
2.745833333E-2	5.825983459E-2
2.747916667E-2	5.746635334E-2
2.750000000E-2	5.578783532E-2
2.752083333E-2	5.371257668E-2
2.754166667E-2	4.986724448E-2
2.756250000E-2	4.705954161E-2
2.758333333E-2	4.187139500E-2
2.760416667E-2	3.665272988E-2
2.762500000E-2	2.993865780E-2
2.764583333E-2	2.252265999E-2
2.766666667E-2	1.449629200E-2
2.768750000E-2	7.263405255E-3
2.770833333E-2	-5.188146611E-4
2.772916667E-2	-8.301034577E-3
2.775000000E-2	-1.583910642E-2
2.777083333E-2	-2.322458571E-2
2.779166667E-2	-3.118991668E-2
2.781250000E-2	-3.772087771E-2
2.783333333E-2	-4.364146855E-2
2.785416667E-2	-4.766991180E-2
2.787500000E-2	-5.145420698E-2
2.789583333E-2	-5.368205817E-2
2.791666667E-2	-5.572679830E-2
2.793750000E-2	-5.771050142E-2
2.795833333E-2	-5.682546464E-2
2.797916667E-2	-5.639820551E-2
2.800000000E-2	-5.603198340E-2
2.802083333E-2	-5.185094760E-2
2.804166667E-2	-4.956205939E-2
2.806250000E-2	-4.562517167E-2
2.808333333E-2	-4.162724693E-2
2.810416667E-2	-3.567613758E-2
2.812500000E-2	-2.951139866E-2
2.814583333E-2	-2.163762322E-2
2.816666667E-2	-1.434369945E-2
2.818750000E-2	-6.958220161E-3
2.820833333E-2	1.342814417E-3
2.822916667E-2	8.575701163E-3
2.825000000E-2	1.586962493E-2
2.827083333E-2	2.346873379E-2
2.829166667E-2	3.030487991E-2
2.831250000E-2	3.787347026E-2
2.833333333E-2	4.272591327E-2
2.835416667E-2	4.821924497E-2
2.837500000E-2	5.182042909E-2
2.839583333E-2	5.343791009E-2
2.841666667E-2	5.584887234E-2
2.843750000E-2	5.706961272E-2
2.845833333E-2	5.755790887E-2
2.847916667E-2	5.673390912E-2
2.850000000E-2	5.505539109E-2
2.852083333E-2	5.224768822E-2
2.854166667E-2	4.974517045E-2
2.856250000E-2	4.589983825E-2
2.858333333E-2	4.022339549E-2
2.860416667E-2	3.604235969E-2
2.862500000E-2	3.003021332E-2
2.864583333E-2	2.185125278E-2
2.866666667E-2	1.409955138E-2
2.868750000E-2	7.049775689E-3
2.870833333E-2	-8.850367748E-4
2.872916667E-2	-8.362071596E-3
2.875000000E-2	-1.562547685E-2
2.877083333E-2	-2.410962249E-2
2.879166667E-2	-3.012176885E-2
2.881250000E-2	-3.756828516E-2
2.883333333E-2	-4.361095004E-2
2.885416667E-2	-4.770043031E-2
2.887500000E-2	-5.169835505E-2
2.889583333E-2	-5.380413221E-2
2.891666667E-2	-5.563524277E-2
2.893750000E-2	-5.737479781E-2
2.895833333E-2	-5.764946440E-2
2.897916667E-2	-5.627613147E-2
2.900000000E-2	-5.471968749E-2
2.902083333E-2	-5.218665120E-2
2.904166667E-2	-4.962309641E-2
2.906250000E-2	-4.483169042E-2
2.908333333E-2	-4.065065462E-2
2.910416667E-2	-3.521835994E-2
2.912500000E-2	-2.844325083E-2
2.914583333E-2	-2.105777154E-2
2.916666667E-2	-1.464888455E-2
2.918750000E-2	-5.523850215E-3
2.920833333E-2	7.934812464E-4
2.922916667E-2	8.270516068E-3
2.925000000E-2	1.666310617E-2
2.927083333E-2	2.392651143E-2
2.929166667E-2	3.045747246E-2
2.931250000E-2	3.820917386E-2
2.933333333E-2	4.364146855E-2
2.935416667E-2	4.846339305E-2
2.937500000E-2	5.212561419E-2
2.939583333E-2	5.502487259E-2
2.941666667E-2	5.691702017E-2
2.943750000E-2	5.829035310E-2
2.945833333E-2	5.838190863E-2
2.947916667E-2	5.752739036E-2
2.950000000E-2	5.557420576E-2
2.952083333E-2	5.328531755E-2
2.954166667E-2	5.020294809E-2
2.956250000E-2	4.611346782E-2
2.958333333E-2	4.107791375E-2
2.960416667E-2	3.619495224E-2
2.962500000E-2	2.935880612E-2
2.964583333E-2	2.273628956E-2
2.966666667E-2	1.437421796E-2
2.968750000E-2	6.988738670E-3
2.970833333E-2	-4.577776421E-4
2.972916667E-2	-8.514664144E-3
2.975000000E-2	-1.605273598E-2
2.977083333E-2	-2.432325205E-2
2.979166667E-2	-3.097628712E-2
2.981250000E-2	-3.741569262E-2
2.983333333E-2	-4.470961638E-2
2.985416667E-2	-4.916531877E-2
2.987500000E-2	-5.240028077E-2
2.989583333E-2	-5.493331706E-2
2.991666667E-2	-5.737479781E-2
2.993750000E-2	-5.832087161E-2
2.995833333E-2	-5.816827906E-2
2.997916667E-2	-5.731376080E-2
3.000000000E-2	-5.618457595E-2
3.002083333E-2	-5.304116947E-2
3.004166667E-2	-5.044709616E-2
3.006250000E-2	-4.614398633E-2
3.008333333E-2	-4.235969115E-2
3.010416667E-2	-3.677480392E-2
3.012500000E-2	-3.027436140E-2
3.014583333E-2	-2.319406720E-2
3.016666667E-2	-1.571703238E-2
3.018750000E-2	-7.965330973E-3
3.020833333E-2	0.000000000E0
3.022916667E-2	8.331553087E-3
3.025000000E-2	1.550340281E-2
3.027083333E-2	2.383495590E-2
3.029166667E-2	3.097628712E-2
3.031250000E-2	3.799554430E-2
3.033333333E-2	4.370250557E-2
3.035416667E-2	4.870754112E-2
3.037500000E-2	5.160679952E-2
3.039583333E-2	5.493331706E-2
3.041666667E-2	5.661183508E-2
3.043750000E-2	5.804620502E-2
3.045833333E-2	5.807672353E-2
3.047916667E-2	5.661183508E-2
3.050000000E-2	5.557420576E-2
3.052083333E-2	5.346842860E-2
3.054166667E-2	5.017242958E-2
3.056250000E-2	4.638813440E-2
3.058333333E-2	4.235969115E-2
3.060416667E-2	3.674428541E-2
3.062500000E-2	3.006073183E-2
3.064583333E-2	2.343821528E-2
3.066666667E-2	1.550340281E-2
3.068750000E-2	7.934812464E-3
3.070833333E-2	1.831110569E-4
3.072916667E-2	-8.239997559E-3
3.075000000E-2	-1.553392132E-2
3.077083333E-2	-2.407910398E-2
3.079166667E-2	-3.094576861E-2
3.081250000E-2	-3.781243324E-2
3.083333333E-2	-4.309213538E-2
3.085416667E-2	-4.763939329E-2
3.087500000E-2	-5.233924375E-2
3.089583333E-2	-5.468916898E-2
3.091666667E-2	-5.581835383E-2
3.093750000E-2	-5.789361248E-2
3.095833333E-2	-5.841242714E-2
3.097916667E-2	-5.618457595E-2
3.100000000E-2	-5.526902066E-2
3.102083333E-2	-5.267494736E-2
3.104166667E-2	-5.047761467E-2
3.106250000E-2	-4.599139378E-2
3.108333333E-2	-4.156620991E-2
3.110416667E-2	-3.598132267E-2
3.112500000E-2	-3.012176885E-2
3.114583333E-2	-2.310251167E-2
3.116666667E-2	-1.498458815E-2
3.118750000E-2	-7.354960784E-3
3.120833333E-2	1.220740379E-4
3.122916667E-2	7.721182897E-3
3.125000000E-2	1.647999512E-2
3.127083333E-2	2.432325205E-2
3.129166667E-2	3.122043519E-2
3.131250000E-2	3.762932218E-2
3.133333333E-2	4.309213538E-2
3.135416667E-2	4.843287454E-2
3.137500000E-2	5.240028077E-2
3.139583333E-2	5.453657643E-2
3.141666667E-2	5.584887234E-2
3.143750000E-2	5.841242714E-2
3.145833333E-2	5.825983459E-2
3.147916667E-2	5.685598315E-2
3.150000000E-2	5.459761345E-2
3.152083333E-2	5.340739158E-2
3.154166667E-2	5.001983703E-2
3.156250000E-2	4.602191229E-2
3.158333333E-2	4.156620991E-2
3.160416667E-2	3.711050752E-2
3.162500000E-2	2.990813929E-2
3.164583333E-2	2.298043764E-2
3.166666667E-2	1.538132878E-2
3.168750000E-2	7.660145878E-3
3.170833333E-2	1.525925474E-4
3.172916667E-2	-8.087405011E-3
3.175000000E-2	-1.614429151E-2
3.177083333E-2	-2.383495590E-2
3.179166667E-2	-3.128147221E-2
3.181250000E-2	-3.747672964E-2
3.183333333E-2	-4.400769066E-2
3.185416667E-2	-4.818872646E-2
3.187500000E-2	-5.130161443E-2
3.189583333E-2	-5.478072451E-2
3.191666667E-2	-5.624561296E-2
3.193750000E-2	-5.740531632E-2
3.195833333E-2	-5.752739036E-2
3.197916667E-2	-5.758842738E-2
3.200000000E-2	-5.569627979E-2
3.202083333E-2	-5.240028077E-2
3.204166667E-2	-5.035554064E-2
3.206250000E-2	-4.657124546E-2
3.208333333E-2	-4.107791375E-2
3.210416667E-2	-3.631702628E-2
3.212500000E-2	-2.926725059E-2
3.214583333E-2	-2.307199316E-2
3.216666667E-2	-1.583910642E-2
3.218750000E-2	-6.591998047E-3
3.220833333E-2	4.272591327E-4
3.222916667E-2	8.575701163E-3
3.225000000E-2	1.693777276E-2
3.227083333E-2	2.410962249E-2
3.229166667E-2	3.152562029E-2
3.231250000E-2	3.781243324E-2
3.233333333E-2	4.385509812E-2
3.235416667E-2	4.794457839E-2
3.237500000E-2	5.230872524E-2
3.239583333E-2	5.575731681E-2
3.241666667E-2	5.667287210E-2
3.243750000E-2	5.810724204E-2
3.245833333E-2	5.890072329E-2
3.247916667E-2	5.813776055E-2
3.250000000E-2	5.587939085E-2
3.252083333E-2	5.395672475E-2
3.254166667E-2	5.099642933E-2
3.256250000E-2	4.699850459E-2
3.258333333E-2	4.184087649E-2
3.260416667E-2	3.665272988E-2
3.262500000E-2	2.969450972E-2
3.264583333E-2	2.398754845E-2
3.266666667E-2	1.577806940E-2
3.268750000E-2	7.477034822E-3
3.270833333E-2	3.662221137E-4
3.272916667E-2	-7.232886746E-3
3.275000000E-2	-1.632740257E-2
3.277083333E-2	-2.368236335E-2
3.279166667E-2	-3.079317606E-2
3.281250000E-2	-3.680532243E-2
3.283333333E-2	-4.361095004E-2
3.285416667E-2	-4.843287454E-2
3.287500000E-2	-5.182042909E-2
3.289583333E-2	-5.471968749E-2
3.291666667E-2	-5.694753868E-2
3.293750000E-2	-5.850398267E-2
3.295833333E-2	-5.844294565E-2
3.297916667E-2	-5.697805719E-2
3.300000000E-2	-5.606250191E-2
3.302083333E-2	-5.374309519E-2
3.304166667E-2	-5.047761467E-2
3.306250000E-2	-4.605243080E-2
3.308333333E-2	-4.220709861E-2
3.310416667E-2	-3.671376690E-2
3.312500000E-2	-2.972502823E-2
3.314583333E-2	-2.230903043E-2
3.316666667E-2	-1.593066195E-2
3.318750000E-2	-7.568590350E-3
3.320833333E-2	4.577776421E-4
3.322916667E-2	7.904293954E-3
3.325000000E-2	1.519821772E-2
3.327083333E-2	2.319406720E-2
3.329166667E-2	3.070162053E-2
3.331250000E-2	3.680532243E-2
3.333333333E-2	4.345835749E-2
3.335416667E-2	4.779198584E-2
3.337500000E-2	5.230872524E-2
3.339583333E-2	5.420087283E-2
3.341666667E-2	5.673390912E-2
3.343750000E-2	5.734427931E-2
3.345833333E-2	5.703909421E-2
3.347916667E-2	5.719168676E-2
3.350000000E-2	5.450605792E-2
3.352083333E-2	5.294961394E-2
3.354166667E-2	4.977568896E-2
3.356250000E-2	4.574724570E-2
3.358333333E-2	4.113895077E-2
3.360416667E-2	3.634754479E-2
3.362500000E-2	2.969450972E-2
3.364583333E-2	2.246162297E-2
3.366666667E-2	1.541184729E-2
3.368750000E-2	7.751701407E-3
3.370833333E-2	-2.441480758E-4
3.372916667E-2	-8.880886258E-3
3.375000000E-2	-1.583910642E-2
3.377083333E-2	-2.340769677E-2
3.379166667E-2	-3.146458327E-2
3.381250000E-2	-3.677480392E-2
3.383333333E-2	-4.388561663E-2
3.385416667E-2	-4.828028199E-2
3.387500000E-2	-5.249183630E-2
3.389583333E-2	-5.502487259E-2
3.391666667E-2	-5.636768700E-2
3.393750000E-2	-5.731376080E-2
3.395833333E-2	-5.816827906E-2
3.397916667E-2	-5.612353893E-2
3.400000000E-2	-5.557420576E-2
3.402083333E-2	-5.325479904E-2
3.404166667E-2	-5.044709616E-2
3.406250000E-2	-4.617450484E-2
3.408333333E-2	-4.147465438E-2
3.410416667E-2	-3.613391522E-2
3.412500000E-2	-3.009125034E-2
3.414583333E-2	-2.258369701E-2
3.416666667E-2	-1.593066195E-2
3.418750000E-2	-7.660145878E-3
3.420833333E-2	-8.545182653E-4
3.422916667E-2	8.087405011E-3
3.425000000E-2	1.489303262E-2
3.427083333E-2	2.417065950E-2
3.429166667E-2	3.036591693E-2
3.431250000E-2	3.744621113E-2
3.433333333E-2	4.336680197E-2
3.435416667E-2	4.788354137E-2
3.437500000E-2	5.212561419E-2
3.439583333E-2	5.462813196E-2
3.441666667E-2	5.603198340E-2
3.443750000E-2	5.755790887E-2
3.445833333E-2	5.783257546E-2
3.447916667E-2	5.600146489E-2
3.450000000E-2	5.514694662E-2
3.452083333E-2	5.182042909E-2
3.454166667E-2	5.063020722E-2
3.456250000E-2	4.541154210E-2
3.458333333E-2	4.104739525E-2
3.460416667E-2	3.616443373E-2
3.462500000E-2	3.009125034E-2
3.464583333E-2	2.255317850E-2
3.466666667E-2	1.605273598E-2
3.468750000E-2	8.850367748E-3
3.470833333E-2	7.019257179E-4
3.472916667E-2	-7.080294198E-3
3.475000000E-2	-1.522873623E-2
3.477083333E-2	-2.230903043E-2
3.479166667E-2	-3.054902799E-2
3.481250000E-2	-3.677480392E-2
3.483333333E-2	-4.260383923E-2
3.485416667E-2	-4.745628224E-2
3.487500000E-2	-5.078279977E-2
3.489583333E-2	-5.362102115E-2
3.491666667E-2	-5.633716849E-2
3.493750000E-2	-5.618457595E-2
3.495833333E-2	-5.667287210E-2
3.497916667E-2	-5.606250191E-2
3.500000000E-2	-5.386516923E-2
3.502083333E-2	-5.215613269E-2
3.504166667E-2	-4.901272622E-2
3.506250000E-2	-4.531998657E-2
3.508333333E-2	-4.083376568E-2
3.510416667E-2	-3.527939695E-2
3.512500000E-2	-2.868739891E-2
3.514583333E-2	-2.270577105E-2
3.516666667E-2	-1.391644032E-2
3.518750000E-2	-7.507553331E-3
3.520833333E-2	7.934812464E-4
3.522916667E-2	9.033478805E-3
3.525000000E-2	1.651051363E-2
3.527083333E-2	2.475051119E-2
3.529166667E-2	3.140354625E-2
3.531250000E-2	3.823969237E-2
3.533333333E-2	4.467909787E-2
3.535416667E-2	4.815820795E-2
3.537500000E-2	5.185094760E-2
3.539583333E-2	5.533005768E-2
3.541666667E-2	5.648976104E-2
3.543750000E-2	5.688650166E-2
3.545833333E-2	5.844294565E-2
3.547916667E-2	5.679494613E-2
3.550000000E-2	5.499435408E-2
3.552083333E-2	5.218665120E-2
3.554166667E-2	4.922635578E-2
3.556250000E-2	4.547257912E-2
3.558333333E-2	4.110843226E-2
3.560416667E-2	3.530991546E-2
3.562500000E-2	2.948088015E-2
3.564583333E-2	2.224799341E-2
3.566666667E-2	1.458784753E-2
3.568750000E-2	6.744590594E-3
3.570833333E-2	-1.037629322E-3
3.572916667E-2	-8.392590106E-3
3.575000000E-2	-1.721243934E-2
3.577083333E-2	-2.496414075E-2
3.579166667E-2	-3.161717582E-2
3.581250000E-2	-3.866695151E-2
3.583333333E-2	-4.437391278E-2
3.585416667E-2	-4.889065218E-2
3.587500000E-2	-5.261391034E-2
3.589583333E-2	-5.459761345E-2
3.591666667E-2	-5.703909421E-2
3.593750000E-2	-5.810724204E-2
3.595833333E-2	-5.902279733E-2
3.597916667E-2	-5.700857570E-2
3.600000000E-2	-5.542161321E-2
3.602083333E-2	-5.343791009E-2
3.604166667E-2	-4.956205939E-2
3.606250000E-2	-4.608294931E-2
3.608333333E-2	-4.113895077E-2
3.610416667E-2	-3.601184118E-2
3.612500000E-2	-2.990813929E-2
3.614583333E-2	-2.194280831E-2
3.616666667E-2	-1.486251411E-2
3.618750000E-2	-6.530961028E-3
3.620833333E-2	1.678518021E-3
3.622916667E-2	9.460737938E-3
3.625000000E-2	1.733451338E-2
3.627083333E-2	2.502517777E-2
3.629166667E-2	3.225806452E-2
3.631250000E-2	3.863643300E-2
3.633333333E-2	4.443494980E-2
3.635416667E-2	4.910428175E-2
3.637500000E-2	5.291909543E-2
3.639583333E-2	5.520798364E-2
3.641666667E-2	5.752739036E-2
3.643750000E-2	5.822931608E-2
3.645833333E-2	5.816827906E-2
3.647916667E-2	5.813776055E-2
3.650000000E-2	5.612353893E-2
3.652083333E-2	5.389568773E-2
3.654166667E-2	4.989776299E-2
3.656250000E-2	4.721213416E-2
3.658333333E-2	4.214606159E-2
3.660416667E-2	3.640858180E-2
3.662500000E-2	2.945036164E-2
3.664583333E-2	2.267525254E-2
3.666666667E-2	1.528977325E-2
3.668750000E-2	6.378368480E-3
3.670833333E-2	-1.373332926E-3
3.672916667E-2	-9.582811975E-3
3.675000000E-2	-1.638843959E-2
3.677083333E-2	-2.438428907E-2
3.679166667E-2	-3.176976836E-2
3.681250000E-2	-3.839228492E-2
3.683333333E-2	-4.397717215E-2
3.685416667E-2	-4.849391156E-2
3.687500000E-2	-5.236976226E-2
3.689583333E-2	-5.478072451E-2
3.691666667E-2	-5.703909421E-2
3.693750000E-2	-5.752739036E-2
3.695833333E-2	-5.905331584E-2
3.697916667E-2	-5.795464949E-2
3.700000000E-2	-5.621509445E-2
3.702083333E-2	-5.407879879E-2
3.704166667E-2	-5.032502213E-2
3.706250000E-2	-4.757835627E-2
3.708333333E-2	-4.260383923E-2
3.710416667E-2	-3.720206305E-2
3.712500000E-2	-3.039643544E-2
3.714583333E-2	-2.282784509E-2
3.716666667E-2	-1.522873623E-2
3.718750000E-2	-7.110812708E-3
3.720833333E-2	5.493331706E-4
3.722916667E-2	8.728293710E-3
3.725000000E-2	1.556443983E-2
3.727083333E-2	2.279732658E-2
3.729166667E-2	3.125095370E-2
3.731250000E-2	3.765984069E-2
3.733333333E-2	4.303109836E-2
3.735416667E-2	4.757835627E-2
3.737500000E-2	5.172887356E-2
3.739583333E-2	5.374309519E-2
3.741666667E-2	5.587939085E-2
3.743750000E-2	5.780205695E-2
3.745833333E-2	5.810724204E-2
3.747916667E-2	5.713064974E-2
3.750000000E-2	5.511642811E-2
3.752083333E-2	5.288857692E-2
3.754166667E-2	4.953154088E-2
3.756250000E-2	4.660176397E-2
3.758333333E-2	4.144413587E-2
3.760416667E-2	3.628650777E-2
3.762500000E-2	2.963347270E-2
3.764583333E-2	2.258369701E-2
3.766666667E-2	1.449629200E-2
3.768750000E-2	6.256294443E-3
3.770833333E-2	-4.577776421E-4
3.772916667E-2	-9.338663900E-3
3.775000000E-2	-1.599169897E-2
3.777083333E-2	-2.444532609E-2
3.779166667E-2	-3.216650899E-2
3.781250000E-2	-3.796502579E-2
3.783333333E-2	-4.403820917E-2
3.785416667E-2	-4.910428175E-2
3.787500000E-2	-5.200354015E-2
3.789583333E-2	-5.484176153E-2
3.791666667E-2	-5.682546464E-2
3.793750000E-2	-5.829035310E-2
3.795833333E-2	-5.859553819E-2
3.797916667E-2	-5.804620502E-2
3.800000000E-2	-5.624561296E-2
3.802083333E-2	-5.447553941E-2
3.804166667E-2	-5.114902188E-2
3.806250000E-2	-4.739524522E-2
3.808333333E-2	-4.281746879E-2
3.810416667E-2	-3.720206305E-2
3.812500000E-2	-2.945036164E-2
3.814583333E-2	-2.337717826E-2
3.816666667E-2	-1.596118046E-2
3.818750000E-2	-6.530961028E-3
3.820833333E-2	-1.220740379E-4
3.822916667E-2	8.789330729E-3
3.825000000E-2	1.525925474E-2
3.827083333E-2	2.441480758E-2
3.829166667E-2	3.137302774E-2
3.831250000E-2	3.735465560E-2
3.833333333E-2	4.358043153E-2
3.835416667E-2	4.794457839E-2
3.837500000E-2	5.188146611E-2
3.839583333E-2	5.438398389E-2
3.841666667E-2	5.584887234E-2
3.843750000E-2	5.786309397E-2
3.845833333E-2	5.853450117E-2
3.847916667E-2	5.728324229E-2
3.850000000E-2	5.572679830E-2
3.852083333E-2	5.322428053E-2
3.854166667E-2	5.047761467E-2
3.856250000E-2	4.577776421E-2
3.858333333E-2	4.156620991E-2
3.860416667E-2	3.561510056E-2
3.862500000E-2	2.969450972E-2
3.864583333E-2	2.185125278E-2
3.866666667E-2	1.449629200E-2
3.868750000E-2	6.225775933E-3
3.870833333E-2	-1.129184851E-3
3.872916667E-2	-9.399700919E-3
3.875000000E-2	-1.702932829E-2
3.877083333E-2	-2.429273354E-2
3.879166667E-2	-3.250221259E-2
3.881250000E-2	-3.830072939E-2
3.883333333E-2	-4.455702383E-2
3.885416667E-2	-4.947050386E-2
3.887500000E-2	-5.233924375E-2
3.889583333E-2	-5.484176153E-2
3.891666667E-2	-5.743583483E-2
3.893750000E-2	-5.838190863E-2
3.895833333E-2	-5.938901944E-2
3.897916667E-2	-5.795464949E-2
3.900000000E-2	-5.621509445E-2
3.902083333E-2	-5.484176153E-2
3.904166667E-2	-5.087435530E-2
3.906250000E-2	-4.724265267E-2
3.908333333E-2	-4.150517289E-2
3.910416667E-2	-3.747672964E-2
3.912500000E-2	-3.061006500E-2
3.914583333E-2	-2.264473403E-2
3.916666667E-2	-1.577806940E-2
3.918750000E-2	-7.599108860E-3
3.920833333E-2	3.357036042E-4
3.922916667E-2	7.141331217E-3
3.925000000E-2	1.623584704E-2
3.927083333E-2	2.392651143E-2
3.929166667E-2	2.993865780E-2
3.931250000E-2	3.759880367E-2
3.933333333E-2	4.324472793E-2
3.935416667E-2	4.812768944E-2
3.937500000E-2	5.096591082E-2
3.939583333E-2	5.380413221E-2
3.941666667E-2	5.609302042E-2
3.943750000E-2	5.645924253E-2
3.945833333E-2	5.697805719E-2
3.947916667E-2	5.633716849E-2
3.950000000E-2	5.435346538E-2
3.952083333E-2	5.276650288E-2
3.954166667E-2	4.956205939E-2
3.956250000E-2	4.602191229E-2
3.958333333E-2	4.049806207E-2
3.960416667E-2	3.582873012E-2
3.962500000E-2	2.871791742E-2
3.964583333E-2	2.175969726E-2
3.966666667E-2	1.470992157E-2
3.968750000E-2	5.798516800E-3
3.970833333E-2	-7.629627369E-4
3.972916667E-2	-9.155552843E-3
3.975000000E-2	-1.690725425E-2
3.977083333E-2	-2.490310373E-2
3.979166667E-2	-3.128147221E-2
3.981250000E-2	-3.793450728E-2
3.983333333E-2	-4.452650533E-2
3.985416667E-2	-4.855494858E-2
3.987500000E-2	-5.151524400E-2
3.989583333E-2	-5.539109470E-2
3.991666667E-2	-5.621509445E-2
3.993750000E-2	-5.752739036E-2
3.995833333E-2	-5.859553819E-2
3.997916667E-2	-5.703909421E-2
4.000000000E-2	-5.517746513E-2
4.002083333E-2	-5.447553941E-2
4.004166667E-2	-5.108798486E-2
4.006250000E-2	-4.638813440E-2
4.008333333E-2	-4.214606159E-2
4.010416667E-2	-3.686635945E-2
4.012500000E-2	-3.009125034E-2
4.014583333E-2	-2.294991913E-2
4.016666667E-2	-1.522873623E-2
4.018750000E-2	-8.392590106E-3
4.020833333E-2	-6.103701895E-5
4.022916667E-2	8.239997559E-3
4.025000000E-2	1.528977325E-2
4.027083333E-2	2.346873379E-2
4.029166667E-2	3.097628712E-2
4.031250000E-2	3.741569262E-2
4.033333333E-2	4.382457961E-2
4.035416667E-2	4.733420820E-2
4.037500000E-2	5.255287332E-2
4.039583333E-2	5.490279855E-2
4.041666667E-2	5.587939085E-2
4.043750000E-2	5.716116825E-2
4.045833333E-2	5.844294565E-2
4.047916667E-2	5.719168676E-2
4.050000000E-2	5.459761345E-2
4.052083333E-2	5.331583605E-2
4.054166667E-2	5.014191107E-2
4.056250000E-2	4.693746757E-2
4.058333333E-2	4.193243202E-2
4.060416667E-2	3.601184118E-2
4.062500000E-2	3.027436140E-2
4.064583333E-2	2.267525254E-2
4.066666667E-2	1.550340281E-2
4.068750000E-2	6.225775933E-3
4.070833333E-2	-3.967406232E-4
4.072916667E-2	-8.606219672E-3
4.075000000E-2	-1.693777276E-2
4.077083333E-2	-2.459791864E-2
4.079166667E-2	-3.198339793E-2
4.081250000E-2	-3.888058107E-2
4.083333333E-2	-4.483169042E-2
4.085416667E-2	-4.959257790E-2
4.087500000E-2	-5.328531755E-2
4.089583333E-2	-5.539109470E-2
4.091666667E-2	-5.746635334E-2
4.093750000E-2	-5.899227882E-2
4.095833333E-2	-5.844294565E-2
4.097916667E-2	-5.856501968E-2
4.100000000E-2	-5.673390912E-2
4.102083333E-2	-5.478072451E-2
4.104166667E-2	-5.154576250E-2
4.106250000E-2	-4.724265267E-2
4.108333333E-2	-4.293954283E-2
4.110416667E-2	-3.714102603E-2
4.112500000E-2	-3.091525010E-2
4.114583333E-2	-2.356028932E-2
4.116666667E-2	-1.629688406E-2
4.118750000E-2	-8.056886502E-3
4.120833333E-2	-1.220740379E-4
4.122916667E-2	7.415997803E-3
4.125000000E-2	1.596118046E-2
4.127083333E-2	2.255317850E-2
4.129166667E-2	3.106784265E-2
4.131250000E-2	3.671376690E-2
4.133333333E-2	4.297006134E-2
4.135416667E-2	4.861598560E-2
4.137500000E-2	5.169835505E-2
4.139583333E-2	5.359050264E-2
4.141666667E-2	5.667287210E-2
4.143750000E-2	5.685598315E-2
4.145833333E-2	5.838190863E-2
4.147916667E-2	5.700857570E-2
4.150000000E-2	5.539109470E-2
4.152083333E-2	5.310220649E-2
4.154166667E-2	5.075228126E-2
4.156250000E-2	4.635761589E-2
4.158333333E-2	4.065065462E-2
4.160416667E-2	3.613391522E-2
4.162500000E-2	2.945036164E-2
4.164583333E-2	2.209540086E-2
4.166666667E-2	1.477095859E-2
4.168750000E-2	7.354960784E-3
4.170833333E-2	-4.272591327E-4
4.172916667E-2	-8.606219672E-3
4.175000000E-2	-1.586962493E-2
4.177083333E-2	-2.356028932E-2
4.179166667E-2	-3.189184240E-2
4.181250000E-2	-3.717154454E-2
4.183333333E-2	-4.336680197E-2
4.185416667E-2	-4.892117069E-2
4.187500000E-2	-5.117954039E-2
4.189583333E-2	-5.545213172E-2
4.191666667E-2	-5.725272378E-2
4.193750000E-2	-5.783257546E-2
4.195833333E-2	-5.877864925E-2
4.197916667E-2	-5.746635334E-2
4.200000000E-2	-5.542161321E-2
4.202083333E-2	-5.362102115E-2
4.204166667E-2	-5.111850337E-2
4.206250000E-2	-4.647968993E-2
4.208333333E-2	-4.174932096E-2
4.210416667E-2	-3.628650777E-2
4.212500000E-2	-2.957243568E-2
4.214583333E-2	-2.252265999E-2
4.216666667E-2	-1.504562517E-2
4.218750000E-2	-7.477034822E-3
4.220833333E-2	9.155552843E-5
4.222916667E-2	7.995849483E-3
4.225000000E-2	1.617481002E-2
4.227083333E-2	2.410962249E-2
4.229166667E-2	3.073213904E-2
4.231250000E-2	3.753776666E-2
4.233333333E-2	4.345835749E-2
4.235416667E-2	4.882961516E-2
4.237500000E-2	5.133213294E-2
4.239583333E-2	5.444502091E-2
4.241666667E-2	5.700857570E-2
4.243750000E-2	5.755790887E-2
4.245833333E-2	5.758842738E-2
4.247916667E-2	5.694753868E-2
4.250000000E-2	5.594042787E-2
4.252083333E-2	5.331583605E-2
4.254166667E-2	4.995880001E-2
4.256250000E-2	4.641865291E-2
4.258333333E-2	4.107791375E-2
4.260416667E-2	3.625598926E-2
4.262500000E-2	2.951139866E-2
4.264583333E-2	2.145451216E-2
4.266666667E-2	NaN
